Country,Code,ContinentCode,Year,Gini income inequality index,Poverty percent of population,Poverty ratio percent living on less than 1.90 USD a day,Poverty ratio percent living on less than 5.50 USD a day,Percent income earned by the top 10 percent of earners
Afghanistan,AFG,AS,2007,,33.7,,,
Afghanistan,AFG,AS,2011,,38.3,,,
Afghanistan,AFG,AS,2016,,54.5,,,
Albania,ALB,EU,1996,27,,0.5,47.9,20.7
Albania,ALB,EU,2002,31.7,25.4,1.1,52.1,25.3
Albania,ALB,EU,2005,30.6,18.5,0.6,40.4,24.3
Albania,ALB,EU,2008,30,,0.2,33.4,24.4
Albania,ALB,EU,2012,29,,0.6,36.7,22.9
Albania,ALB,EU,2014,34.6,,1,38.7,25.5
Albania,ALB,EU,2015,32.8,,0.1,25.4,24.8
Albania,ALB,EU,2016,33.7,23.7,0.1,25.5,25
Albania,ALB,EU,2017,33.1,23.4,0.4,25.5,24.6
Albania,ALB,EU,2018,30.1,23,0,18.2,22.7
Albania,ALB,EU,2019,30.1,21.8,0,14.9,23.6
Albania,ALB,EU,2020,29.4,22,0,13.7,22.8
Algeria,DZA,AF,1988,37.4,,6.4,63.6,29.6
Algeria,DZA,AF,1995,35.3,,6.1,61.1,26.9
Algeria,DZA,AF,2011,27.6,5.5,0,36.3,22.9
Angola,AGO,AF,2000,51.9,,21.4,67.2,40.2
Angola,AGO,AF,2008,42.7,,14.6,68.9,32.3
Angola,AGO,AF,2018,51.3,32.3,31.1,78,39.6
Argentina,ARG,SA,1980,40.8,,0,5.7,30.2
Argentina,ARG,SA,1986,42.8,,1.1,4.8,32.2
Argentina,ARG,SA,1987,45.3,,1.2,7.6,34.2
Argentina,ARG,SA,1991,46.8,,1,14.3,36.6
Argentina,ARG,SA,1992,45.5,,1.7,14.9,34.3
Argentina,ARG,SA,1993,44.8,,2,15.1,33.2
Argentina,ARG,SA,1994,45.9,,1.9,15.7,34.4
Argentina,ARG,SA,1995,48.9,,3.9,20.5,37
Argentina,ARG,SA,1996,49.5,,4.2,22.4,36.9
Argentina,ARG,SA,1997,49.1,,3.8,21.3,36.4
Argentina,ARG,SA,1998,50.7,,4,23.3,38
Argentina,ARG,SA,1999,49.8,,4.2,24.2,37
Argentina,ARG,SA,2000,51,,5,26.3,37.7
Argentina,ARG,SA,2001,53.3,,8.2,31.1,39.5
Argentina,ARG,SA,2002,53.8,,12.4,44.4,40.5
Argentina,ARG,SA,2003,51,,5.4,29.7,37.7
Argentina,ARG,SA,2004,48.5,,3.9,24.9,35.3
Argentina,ARG,SA,2005,47.8,,2.7,21,35
Argentina,ARG,SA,2006,46.4,,2.2,16.9,33.8
Argentina,ARG,SA,2007,46.3,,1.8,15.6,33.7
Argentina,ARG,SA,2008,45,,1.6,14.2,32.5
Argentina,ARG,SA,2009,43.8,,1.6,12.9,31.3
Argentina,ARG,SA,2010,43.7,,0.7,11.4,31.8
Argentina,ARG,SA,2011,42.7,,0.7,9.1,31
Argentina,ARG,SA,2012,41.4,,0.6,8.6,29.8
Argentina,ARG,SA,2013,41.1,,0.7,8.6,29.5
Argentina,ARG,SA,2014,41.8,,0.6,9.5,30.1
Argentina,ARG,SA,2016,42.3,30.3,0.7,9.2,30.7
Argentina,ARG,SA,2017,41.4,25.7,0.6,8.2,30
Argentina,ARG,SA,2018,41.7,32,1,10.4,30.1
Argentina,ARG,SA,2019,43.3,35.5,1.1,12,31.3
Argentina,ARG,SA,2020,42.7,42,1.2,15.4,30.6
Argentina,ARG,SA,2021,42.4,37.3,0.9,11.4,31.2
Argentina,ARG,SA,2022,40.7,39.2,0.6,10.9,29.8
Armenia,ARM,AS,1999,36.2,,11.9,82.3,29.6
Armenia,ARM,AS,2001,35.4,,14,83.8,29.1
Armenia,ARM,AS,2002,34.8,,10,82.9,29
Armenia,ARM,AS,2003,33,,7.5,82.6,28.2
Armenia,ARM,AS,2004,37.5,,5.3,73.5,31.7
Armenia,ARM,AS,2005,36,,2.6,67.5,30.8
Armenia,ARM,AS,2006,29.7,,2,62.8,24.4
Armenia,ARM,AS,2007,31.2,,1.5,56,25.1
Armenia,ARM,AS,2008,29.2,,0.9,52.1,23.7
Armenia,ARM,AS,2009,28,,1.2,60.7,22.9
Armenia,ARM,AS,2010,30,,1,62.1,25
Armenia,ARM,AS,2011,29.4,,1.2,59.3,24
Armenia,ARM,AS,2012,29.6,,0.8,55.2,24.5
Armenia,ARM,AS,2013,30.6,,1.7,53.1,24.7
Armenia,ARM,AS,2014,31.5,,1.4,51.1,25.7
Armenia,ARM,AS,2015,32.4,,1.1,46.7,26.7
Armenia,ARM,AS,2016,32.5,,1.1,42.4,25.3
Armenia,ARM,AS,2017,33.6,,0.8,48.7,28.4
Armenia,ARM,AS,2018,34.4,,1.3,48.9,29.2
Armenia,ARM,AS,2019,30,26.4,1,52.1,25.2
Armenia,ARM,AS,2020,25.1,27,0.4,53.2,21.5
Armenia,ARM,AS,2021,27.9,26.5,0.5,51.7,23.6
Armenia,ARM,AS,2022,27.9,24.8,0.8,51.3,23
Australia,AUS,OC,1981,31.3,,1,1.7,22.9
Australia,AUS,OC,1985,32.5,,1,2,24.3
Australia,AUS,OC,1989,33.2,,0.7,2,24.2
Australia,AUS,OC,1995,32.6,,0.7,1.7,24.2
Australia,AUS,OC,2001,33.5,,0.7,1.5,24.7
Australia,AUS,OC,2003,33.5,,1,1.7,24.7
Australia,AUS,OC,2004,33.1,,0.7,1.2,24.9
Australia,AUS,OC,2008,35.4,,0.4,0.7,27.4
Australia,AUS,OC,2010,34.7,,0.3,1,26.5
Australia,AUS,OC,2014,34.4,,0.5,1,26.6
Australia,AUS,OC,2016,33.7,,0.5,1,25.5
Australia,AUS,OC,2018,34.3,,0.5,1,26.2
Austria,AUT,EU,1994,30.8,,0.2,1,23.6
Austria,AUT,EU,1995,29.9,,0,1,23
Austria,AUT,EU,1996,29.3,,0,0.5,22.8
Austria,AUT,EU,1997,29.1,,0.2,0.7,22.4
Austria,AUT,EU,1998,31.3,,0.2,1,24.6
Austria,AUT,EU,1999,29.7,,0.2,0.5,23.4
Austria,AUT,EU,2000,29,,0,0.6,22.6
Austria,AUT,EU,2002,,13.2,,,
Austria,AUT,EU,2003,29.5,13,0.3,0.7,23.5
Austria,AUT,EU,2004,29.8,12.6,0.1,0.4,23.8
Austria,AUT,EU,2005,28.7,12.6,0.2,0.5,22.8
Austria,AUT,EU,2006,29.6,12,0.1,0.5,23.7
Austria,AUT,EU,2007,30.6,15.2,0.4,0.8,23.8
Austria,AUT,EU,2008,30.4,14.5,0.5,1,24.1
Austria,AUT,EU,2009,31.5,14.7,0.7,1,24.7
Austria,AUT,EU,2010,30.3,14.5,0.5,0.8,23.6
Austria,AUT,EU,2011,30.8,14.4,0.4,1,23.7
Austria,AUT,EU,2012,30.5,14.4,0.6,1.1,23.4
Austria,AUT,EU,2013,30.8,14.1,0.3,0.7,24.3
Austria,AUT,EU,2014,30.5,13.9,0.2,0.7,24.1
Austria,AUT,EU,2015,30.5,14.1,0.7,1,23.8
Austria,AUT,EU,2016,30.8,14.4,0.7,1.3,23.8
Austria,AUT,EU,2017,29.7,14.3,0.3,0.7,23
Austria,AUT,EU,2018,30.8,13.3,0.6,1.2,23.9
Austria,AUT,EU,2019,30.2,13.9,0.6,0.8,23.2
Austria,AUT,EU,2020,29.8,14.7,0.7,1,23.1
Austria,AUT,EU,2021,30.7,14.8,0.5,1.1,23.8
Azerbaijan,AZE,AS,1995,34.6,,12.4,77.7,26.8
Azerbaijan,AZE,AS,2001,36.5,49.6,6.2,71,29.5
Azerbaijan,AZE,AS,2002,25.3,,0.1,48.5,23.2
Azerbaijan,AZE,AS,2003,26.8,,0.1,44.6,23.6
Azerbaijan,AZE,AS,2004,26.6,,0,42.3,24.4
Azerbaijan,AZE,AS,2005,26.6,,0,31.3,24.2
Azerbaijan,AZE,AS,2007,,15.8,,,
Azerbaijan,AZE,AS,2008,,13.2,,,
Azerbaijan,AZE,AS,2009,,10.9,,,
Azerbaijan,AZE,AS,2010,,9.1,,,
Azerbaijan,AZE,AS,2011,,7.6,,,
Azerbaijan,AZE,AS,2012,,6,,,
Bangladesh,BGD,AS,1983,25.9,,37.3,97.8,21.9
Bangladesh,BGD,AS,1985,26.9,,32,96.5,23.4
Bangladesh,BGD,AS,1988,28.8,,41.7,97,24.6
Bangladesh,BGD,AS,1991,27.6,,41.9,97.4,23.3
Bangladesh,BGD,AS,1995,32.9,,33.7,93.7,28.1
Bangladesh,BGD,AS,2000,33.4,,33.3,93,27.9
Bangladesh,BGD,AS,2005,33.2,,24,90.9,28
Bangladesh,BGD,AS,2010,32.1,,18.2,89.4,26.9
Bangladesh,BGD,AS,2016,32.4,,13.5,86.9,26.8
Bangladesh,BGD,AS,2022,33.4,18.7,5,74.1,27.4
Belarus,BLR,EU,1998,32,,21.8,90.1,24.9
Belarus,BLR,EU,1999,31.7,,19.2,88,24
Belarus,BLR,EU,2000,31.2,41.9,13.6,84.4,24
Belarus,BLR,EU,2001,30.6,28.9,6.6,73.7,24
Belarus,BLR,EU,2002,30.3,30.5,4.4,67.7,24
Belarus,BLR,EU,2003,28.8,27.1,3.5,64.8,22.6
Belarus,BLR,EU,2004,26.5,17.8,1.3,54.3,21.3
Belarus,BLR,EU,2005,27.6,12.7,0.9,36,21.8
Belarus,BLR,EU,2006,28.3,11.1,0.4,27.9,22.4
Belarus,BLR,EU,2007,29.6,7.7,0.2,20.7,23.6
Belarus,BLR,EU,2008,27.8,6.1,0.2,16.4,22.3
Belarus,BLR,EU,2009,27.7,5.4,0.1,15.6,22.6
Belarus,BLR,EU,2010,28.6,5.2,0,11.8,22.8
Belarus,BLR,EU,2011,27.2,7.3,0,10,21.9
Belarus,BLR,EU,2012,26.5,6.3,0,5.9,21.8
Belarus,BLR,EU,2013,26.6,5.5,0,3.4,22.1
Belarus,BLR,EU,2014,27.2,4.8,0,3.2,22.6
Belarus,BLR,EU,2015,25.6,5.1,0,4.1,21.2
Belarus,BLR,EU,2016,25.3,5.7,0,4.6,21.3
Belarus,BLR,EU,2017,25.4,5.9,0,3.3,21.3
Belarus,BLR,EU,2018,25.2,5.6,0,1.9,21.4
Belarus,BLR,EU,2019,25.3,5,0,2.4,21.3
Belarus,BLR,EU,2020,24.4,4.8,0,1.3,20.7
Belarus,BLR,EU,2021,,4.1,,,
Belarus,BLR,EU,2022,,3.9,,,
Belgium,BEL,EU,1985,25.2,,0.2,0.7,20.3
Belgium,BEL,EU,1988,25.7,,0.5,0.7,20.7
Belgium,BEL,EU,1992,24.9,,1,1.2,19.8
Belgium,BEL,EU,1995,28.4,,0.4,1.2,22.5
Belgium,BEL,EU,1997,26.8,,0.5,1,21.2
Belgium,BEL,EU,2000,33.1,,0.3,1,28
Belgium,BEL,EU,2003,28.1,,0.3,0.9,22.2
Belgium,BEL,EU,2004,30.5,,0.1,0.4,25.1
Belgium,BEL,EU,2005,29.3,,0.2,0.5,23.9
Belgium,BEL,EU,2006,28.1,,0.2,0.4,22.4
Belgium,BEL,EU,2007,29.2,,0.2,0.4,23.5
Belgium,BEL,EU,2008,28.4,,0.1,0.3,22.7
Belgium,BEL,EU,2009,28.6,,0.1,0.3,22.7
Belgium,BEL,EU,2010,28.4,,0.1,0.5,22.7
Belgium,BEL,EU,2011,28.1,,0.2,0.6,22.3
Belgium,BEL,EU,2012,27.5,,0.2,0.5,21.9
Belgium,BEL,EU,2013,27.7,,0.1,0.5,21.8
Belgium,BEL,EU,2014,28.1,,0.1,0.3,22.4
Belgium,BEL,EU,2015,27.7,,0.1,0.2,22.2
Belgium,BEL,EU,2016,27.6,,0.1,0.3,22.2
Belgium,BEL,EU,2017,27.4,,0.1,0.4,21.9
Belgium,BEL,EU,2018,27.2,14.8,0.1,0.2,22.2
Belgium,BEL,EU,2019,27.2,14.1,0.1,0.2,22.3
Belgium,BEL,EU,2020,26,12.7,0.1,0.3,21.4
Belgium,BEL,EU,2021,26.6,13.2,0,0.2,21.9
Belgium,BEL,EU,2022,,12.3,,,
Belize,BLZ,NA,1993,60.2,,13.5,61.8,51.1
Belize,BLZ,NA,1994,60.9,,14.8,65.4,52.5
Belize,BLZ,NA,1996,56.5,,18.2,70.5,46.5
Belize,BLZ,NA,1997,60.4,,20.9,70.1,50.3
Belize,BLZ,NA,1998,54.9,,20.7,68.6,43.7
Belize,BLZ,NA,1999,53.2,,19.6,66.8,42.4
Benin,BEN,AF,2003,38.6,,53.1,95.1,31.1
Benin,BEN,AF,2006,,37.5,,,
Benin,BEN,AF,2007,,33,,,
Benin,BEN,AF,2010,,35.2,,,
Benin,BEN,AF,2011,43.4,36.2,54.3,92,34.5
Benin,BEN,AF,2015,47.6,40.1,50.7,91.8,37.6
Benin,BEN,AF,2018,37.9,38.5,20.1,83.6,30
Benin,BEN,AF,2021,34.4,,12.7,81.4,27.2
Bhutan,BTN,AS,2003,40.9,,13.4,73.3,32.2
Bhutan,BTN,AS,2007,38.1,,5.9,62.3,29.4
Bhutan,BTN,AS,2012,38.8,,1.7,44.9,30.7
Bhutan,BTN,AS,2017,37.4,,0.9,39.5,27.9
Bhutan,BTN,AS,2022,28.5,12.4,0,8.4,22.7
Bolivia,BOL,SA,1990,42,,1.1,42.2,31.7
Bolivia,BOL,SA,1992,49.1,,8.7,58.2,39.2
Bolivia,BOL,SA,1997,58.1,,15.5,46.1,45.4
Bolivia,BOL,SA,1999,58,,21.9,50,42.6
Bolivia,BOL,SA,2000,61.6,66.4,24.2,55.8,47.8
Bolivia,BOL,SA,2001,57.4,63.1,19,51.8,44.1
Bolivia,BOL,SA,2002,59.3,63.3,19.7,53.8,46.6
Bolivia,BOL,SA,2004,55,63.1,10.2,45.8,43.9
Bolivia,BOL,SA,2005,58.5,60.6,15.6,47.2,45.3
Bolivia,BOL,SA,2006,56.7,59.9,12.5,42.1,43.6
Bolivia,BOL,SA,2007,54.5,60.1,9.5,41.2,41.8
Bolivia,BOL,SA,2008,50.8,57.3,8.3,33.9,38.5
Bolivia,BOL,SA,2009,49.2,51.3,8.8,28.9,36.9
Bolivia,BOL,SA,2011,46.1,45.1,5.3,23.5,33.7
Bolivia,BOL,SA,2012,46.6,43.3,6.5,23.7,33.7
Bolivia,BOL,SA,2013,47.6,38.9,5.2,21.8,35.2
Bolivia,BOL,SA,2014,47.8,39.1,4.3,20.2,36
Bolivia,BOL,SA,2015,46.7,38.6,4.6,20.5,34.8
Bolivia,BOL,SA,2016,45.2,39.5,5.6,22,32.4
Bolivia,BOL,SA,2017,44.6,36.4,4.9,21,32
Bolivia,BOL,SA,2018,42.6,34.5,3.3,19.1,30.6
Bolivia,BOL,SA,2019,41.6,37.2,1.9,15.5,30.8
Bolivia,BOL,SA,2020,43.6,39,3.1,17.3,32.6
Bolivia,BOL,SA,2021,40.9,36.4,2,15.2,30.3
Bosnia and Herzegovina,BIH,EU,2001,30,,0.3,13.8,24.7
Bosnia and Herzegovina,BIH,EU,2004,34,,0.2,6.6,26.4
Bosnia and Herzegovina,BIH,EU,2007,33.1,18.2,0.1,4.8,25.1
Bosnia and Herzegovina,BIH,EU,2011,33,17.9,0.1,5.8,25.1
Bosnia and Herzegovina,BIH,EU,2015,,16.9,,,
Botswana,BWA,AF,1985,54.2,,41.8,83.6,42.9
Botswana,BWA,AF,1993,60.1,,34.1,78.3,50.4
Botswana,BWA,AF,2002,64.7,30.6,29.1,68.6,53.1
Botswana,BWA,AF,2009,60.5,19.3,17.7,60.4,49.6
Botswana,BWA,AF,2015,53.3,16.1,15.4,63.5,41.5
Brazil,BRA,SA,1981,57.9,,23.9,67,45.9
Brazil,BRA,SA,1982,58.4,,24.4,66.4,46.2
Brazil,BRA,SA,1983,58.9,,30.6,72.1,46.8
Brazil,BRA,SA,1984,58.3,,29.9,72.2,46.5
Brazil,BRA,SA,1985,55.5,,25.8,68,42.5
Brazil,BRA,SA,1986,58.4,,12.3,49.5,46.6
Brazil,BRA,SA,1987,59.6,,19.9,59.2,47.4
Brazil,BRA,SA,1988,61.4,,22.4,61.4,49.2
Brazil,BRA,SA,1989,63.2,,20.4,58.3,51.1
Brazil,BRA,SA,1990,60.4,,24,63.7,48.1
Brazil,BRA,SA,1992,53.1,,23.3,65.4,39.7
Brazil,BRA,SA,1993,60.1,,22.1,64.3,48.4
Brazil,BRA,SA,1995,59.5,,14.7,52.6,47.5
Brazil,BRA,SA,1996,59.8,,16,52.6,47.3
Brazil,BRA,SA,1997,59.8,,16,53,47.4
Brazil,BRA,SA,1998,59.6,,14.3,52,47.6
Brazil,BRA,SA,1999,59,,15,53.8,47
Brazil,BRA,SA,2001,58.4,,13,48,46.1
Brazil,BRA,SA,2002,58.1,,11.7,47.3,46.1
Brazil,BRA,SA,2003,57.6,,12.6,48.7,45.4
Brazil,BRA,SA,2004,56.5,,11.1,47.3,44.5
Brazil,BRA,SA,2005,56.3,,10,45,44.6
Brazil,BRA,SA,2006,55.6,,8.3,41.4,44.1
Brazil,BRA,SA,2007,54.9,,7.9,39,43.2
Brazil,BRA,SA,2008,54,,6.5,35.8,42.5
Brazil,BRA,SA,2009,53.7,,6.1,33.8,42.2
Brazil,BRA,SA,2011,52.9,,5.3,29.9,41.7
Brazil,BRA,SA,2012,53.4,,4.5,28.2,42.4
Brazil,BRA,SA,2013,52.7,,3.7,25.7,41.7
Brazil,BRA,SA,2014,52,,3.3,24.3,41
Brazil,BRA,SA,2015,51.9,,3.9,25.3,40.9
Brazil,BRA,SA,2016,53.4,,4.7,27,42.1
Brazil,BRA,SA,2017,53.3,,5.3,27.1,42
Brazil,BRA,SA,2018,53.9,,5.3,26.7,42.5
Brazil,BRA,SA,2019,53.5,,5.4,26.2,42
Brazil,BRA,SA,2020,48.9,,2,18.7,39.5
Brazil,BRA,SA,2021,52.9,,5.8,28.4,41.6
Brazil,BRA,SA,2022,52,,3.5,23.5,41
Bulgaria,BGR,EU,2006,35.7,,5.8,28.5,26.6
Bulgaria,BGR,EU,2007,36.1,,1.8,15,27.9
Bulgaria,BGR,EU,2008,33.6,,1.3,11.3,25.7
Bulgaria,BGR,EU,2009,33.8,,1.3,11,25.7
Bulgaria,BGR,EU,2010,35.7,,2,13.4,26.9
Bulgaria,BGR,EU,2011,34.3,,2.5,14.1,26
Bulgaria,BGR,EU,2012,36,,2.3,14.1,27.4
Bulgaria,BGR,EU,2013,36.6,,1.8,13.2,27.6
Bulgaria,BGR,EU,2014,37.4,,1.7,11,28.8
Bulgaria,BGR,EU,2015,38.6,22.9,3.4,14.1,28.7
Bulgaria,BGR,EU,2016,40.6,23.4,2,10.4,31.4
Bulgaria,BGR,EU,2017,40.4,22,1.4,9.4,31.9
Bulgaria,BGR,EU,2018,41.3,22.6,0.9,8,32.6
Bulgaria,BGR,EU,2019,40.3,23.8,0.9,7.2,31.4
Bulgaria,BGR,EU,2020,40.5,22.1,0.2,4.5,32.6
Bulgaria,BGR,EU,2021,39,22.9,0.7,5.8,29.9
Bulgaria,BGR,EU,2022,,20.6,,,
Burkina Faso,BFA,AF,1994,48,,82.1,97.4,39.4
Burkina Faso,BFA,AF,1998,49.9,,79.9,96.5,42.7
Burkina Faso,BFA,AF,2003,43.3,,54.7,93.8,33.8
Burkina Faso,BFA,AF,2009,39.8,,52.6,94.9,32
Burkina Faso,BFA,AF,2014,35.3,,39.6,92.9,29.6
Burkina Faso,BFA,AF,2018,43,41.4,31.2,87.2,35.3
Burkina Faso,BFA,AF,2021,37.4,43.2,25.3,88.1,30.2
Burma (Myanmar),MMR,AS,2005,,48.2,,,
Burma (Myanmar),MMR,AS,2010,,42.2,,,
Burma (Myanmar),MMR,AS,2015,38.1,32.1,6.2,72.8,31.7
Burma (Myanmar),MMR,AS,2017,30.7,24.8,2,68.2,25.5
Burundi,BDI,AF,1992,33.3,,75.1,98.8,26.6
Burundi,BDI,AF,1998,42.1,,79.4,97.9,32.5
Burundi,BDI,AF,2006,33.4,67.1,71.8,98.2,28
Burundi,BDI,AF,2013,38.6,64.9,65.1,96.5,31
Burundi,BDI,AF,2020,37.5,,62.1,96.8,29.9
Cambodia,KHM,AS,2003,,50.2,,,
Cambodia,KHM,AS,2006,,45,,,
Cambodia,KHM,AS,2008,,34,,,
Cambodia,KHM,AS,2009,,23.9,,,
Cambodia,KHM,AS,2010,,22.1,,,
Cambodia,KHM,AS,2011,,20.5,,,
Cambodia,KHM,AS,2012,,17.7,,,
Cameroon,CMR,AF,1996,44.4,,50.4,90.8,36.1
Cameroon,CMR,AF,2001,42.1,40.2,25.7,84,33.6
Cameroon,CMR,AF,2007,42.8,39.9,31.4,84.3,33
Cameroon,CMR,AF,2014,46.6,37.5,25.7,74.8,35
Cameroon,CMR,AF,2021,42.2,,23,76,31.1
Canada,CAN,NA,1971,37.2,,2.2,5.7,26.6
Canada,CAN,NA,1973,34.9,,1.7,3.5,25.1
Canada,CAN,NA,1975,34.1,,1.5,3,24.5
Canada,CAN,NA,1977,33.7,,1.2,2.7,24.1
Canada,CAN,NA,1979,33.5,,1.2,2.2,24
Canada,CAN,NA,1981,33,,0.7,1.7,23.9
Canada,CAN,NA,1982,32.9,,0.7,1.7,24.1
Canada,CAN,NA,1984,33.5,,0.7,2,24.6
Canada,CAN,NA,1985,33.2,,0.5,1.5,24.5
Canada,CAN,NA,1986,31.7,,1,1.5,23.3
Canada,CAN,NA,1987,31.7,,0.5,1.2,23.4
Canada,CAN,NA,1988,31.2,,0.7,1.2,23.1
Canada,CAN,NA,1989,31,,1.2,1.7,22.8
Canada,CAN,NA,1990,31.4,,1.2,1.7,23.1
Canada,CAN,NA,1991,31.9,,1.2,1.7,23.3
Canada,CAN,NA,1992,31.6,,0.7,1.5,23.2
Canada,CAN,NA,1993,31.7,,1.2,1.7,23.2
Canada,CAN,NA,1994,31.3,,1,1.2,22.9
Canada,CAN,NA,1995,31.5,,0.7,1.2,23.2
Canada,CAN,NA,1996,32.8,,0.2,1,24.5
Canada,CAN,NA,1997,33.1,,0.2,1,25
Canada,CAN,NA,1998,33.2,,0.5,1.2,25.1
Canada,CAN,NA,1999,33.1,,0.5,1.2,24.7
Canada,CAN,NA,2000,33.4,,0.2,1,25.2
Canada,CAN,NA,2001,33.6,,0.2,0.7,25.2
Canada,CAN,NA,2002,33.6,,0.2,0.7,25.1
Canada,CAN,NA,2003,33.8,,0.2,0.7,25.3
Canada,CAN,NA,2004,33.8,,0.2,0.7,25.2
Canada,CAN,NA,2005,33.6,,0.2,1,25.2
Canada,CAN,NA,2006,34.1,,0.2,0.7,25.7
Canada,CAN,NA,2007,33.8,,0.2,0.5,25.6
Canada,CAN,NA,2008,33.9,,0.2,0.7,25.5
Canada,CAN,NA,2009,34,,0.2,0.7,25.4
Canada,CAN,NA,2010,33.6,,0.2,0.5,25.3
Canada,CAN,NA,2011,32.7,,0.2,0.7,24.6
Canada,CAN,NA,2012,33.5,,0.2,0.7,24.8
Canada,CAN,NA,2013,33.8,,0.5,1,24.7
Canada,CAN,NA,2014,33.2,,0.2,1,24.7
Canada,CAN,NA,2015,33.7,,0.2,1,25.1
Canada,CAN,NA,2016,32.7,,0.2,1,24.6
Canada,CAN,NA,2017,33.3,,0.2,0.7,24.9
Canada,CAN,NA,2018,32.5,,0.2,0.7,24.4
Canada,CAN,NA,2019,31.7,,0.2,0.7,24
Cape Verde,CPV,AF,2001,52.5,56.8,19.6,70.7,42.6
Cape Verde,CPV,AF,2007,47.2,45.4,10.6,62.6,37.1
Cape Verde,CPV,AF,2015,42.4,35.2,4.6,50.9,32.3
Central African Republic,CAF,AF,1992,59.3,,82.2,96.7,47.1
Central African Republic,CAF,AF,2008,56.2,,61.9,92.8,46.2
Central African Republic,CAF,AF,2021,43,68.8,65.7,96.2,33.1
Chad,TCD,AF,2003,39.8,,57.8,95.9,30.7
Chad,TCD,AF,2011,43.3,,36.6,87.9,32.4
Chad,TCD,AF,2018,37.5,42.3,30.9,89.4,29.7
Chad,TCD,AF,2022,37.4,,30.8,88.8,29.5
Chile,CHL,SA,1987,56.2,,15.4,62.1,45.4
Chile,CHL,SA,1990,57.2,,10.7,56,47
Chile,CHL,SA,1992,54.8,,6.7,50.7,45.2
Chile,CHL,SA,1994,56.4,,6.8,47.1,45.9
Chile,CHL,SA,1996,54.9,,4.7,41.4,44.4
Chile,CHL,SA,1998,55.5,,4.6,38.9,45
Chile,CHL,SA,2000,52.8,36,5.8,41.4,42.6
Chile,CHL,SA,2003,51.5,35.4,5.3,40.6,41.4
Chile,CHL,SA,2006,47.7,29.1,2,29.1,38.2
Chile,CHL,SA,2009,47.4,25.3,1.7,24.4,38.4
Chile,CHL,SA,2011,46.9,22.2,0.9,20.9,38
Chile,CHL,SA,2013,46.8,14.4,0.5,12.5,38.2
Chile,CHL,SA,2015,45.3,11.7,0.4,9.7,36.8
Chile,CHL,SA,2017,45.3,8.6,0.4,7.5,36.9
Chile,CHL,SA,2020,47,10.8,1.3,9.9,37.3
Chile,CHL,SA,2022,43,6.5,0.4,4.7,34.5
China,CHN,AS,1990,32.2,,72,99,25.8
China,CHN,AS,1993,33.9,,65.6,98.1,26.6
China,CHN,AS,1996,35.2,,48.2,95.5,27.3
China,CHN,AS,1999,38.7,,46.1,93.1,29.4
China,CHN,AS,2000,,49.8,,,
China,CHN,AS,2002,42,,36.9,87.1,31.4
China,CHN,AS,2005,40.9,30.2,22.3,78.6,30.9
China,CHN,AS,2008,43,,17.3,69.3,32
China,CHN,AS,2010,43.7,17.2,13.4,62.3,32.6
China,CHN,AS,2011,42.4,12.7,10,58.7,31.8
China,CHN,AS,2012,42.2,10.2,8.3,54,31.5
China,CHN,AS,2013,39.7,8.5,2.7,47.1,30.3
China,CHN,AS,2014,39.2,7.2,1.7,42.1,29.7
China,CHN,AS,2015,38.6,5.7,0.6,37.7,29.4
China,CHN,AS,2016,38.5,4.5,0.1,34.1,29.3
China,CHN,AS,2017,39.1,3.1,0,31.9,29.9
China,CHN,AS,2018,38.5,1.7,0,27.9,29.4
China,CHN,AS,2019,38.2,0.6,0,24.6,29.5
China,CHN,AS,2020,37.1,0,0,24.8,29.4
China,CHN,AS,2021,35.7,,0,17,28.2
Colombia,COL,SA,1980,55.1,,20.9,60.6,42.3
Colombia,COL,SA,1988,53.1,,14.6,54.1,41.2
Colombia,COL,SA,1989,52.8,,14,55.4,41.4
Colombia,COL,SA,1991,51.3,,12.8,52.1,39.5
Colombia,COL,SA,1992,51.4,,9.6,54.2,40.4
Colombia,COL,SA,1996,56.8,,17.6,61.5,45.6
Colombia,COL,SA,1999,58.5,,21.4,64.3,46.8
Colombia,COL,SA,2000,58.4,,17.5,59.5,46.9
Colombia,COL,SA,2001,57.3,,21,67,46.3
Colombia,COL,SA,2002,56,,14.2,57.7,45.2
Colombia,COL,SA,2003,53.6,,13,58,42.8
Colombia,COL,SA,2004,55,,12,57.3,44.5
Colombia,COL,SA,2005,53.9,,10.7,53.5,43.2
Colombia,COL,SA,2008,55.3,,11,48.5,43.7
Colombia,COL,SA,2009,54.3,,9.6,47.3,42.9
Colombia,COL,SA,2010,54.6,,8.3,44.6,43.4
Colombia,COL,SA,2011,53.5,,6.8,41.6,42.4
Colombia,COL,SA,2012,52.6,,6.7,39.8,41.3
Colombia,COL,SA,2013,52.6,,6.1,37.6,41.4
Colombia,COL,SA,2014,52.5,,5.4,35.4,41.4
Colombia,COL,SA,2015,51,,4.9,34.6,39.9
Colombia,COL,SA,2016,50.6,,4.9,34.3,39.8
Colombia,COL,SA,2017,49.7,,4.3,33.7,39
Colombia,COL,SA,2018,50.4,,4.5,33.9,39.7
Colombia,COL,SA,2019,51.3,,5.3,34.8,40.3
Colombia,COL,SA,2020,53.5,,9.4,42.2,41.8
Colombia,COL,SA,2021,55.1,39.7,7.3,38.8,43.7
Colombia,COL,SA,2022,54.8,36.6,6,34.8,43.5
Comoros,COM,AF,2004,55.9,,14.6,68.3,48.1
Comoros,COM,AF,2013,,42.4,,,
Comoros,COM,AF,2014,45.3,,18.6,68.6,33.6
Costa Rica,CRC,NA,1981,47.5,,25.9,71.1,33.7
Costa Rica,CRC,NA,1986,34.4,,13.9,63.4,23.1
Costa Rica,CRC,NA,1989,45.5,,10.6,47.4,33.2
Costa Rica,CRC,NA,1990,45.2,,10.4,45.6,33
Costa Rica,CRC,NA,1991,46.6,,12.4,51.4,34.3
Costa Rica,CRC,NA,1992,45.6,,9.9,48,33.7
Costa Rica,CRC,NA,1993,45.9,,8.5,40.9,33.7
Costa Rica,CRC,NA,1994,46.7,,7,36.6,35.2
Costa Rica,CRC,NA,1995,45.7,,7.1,37.1,33.8
Costa Rica,CRC,NA,1996,46.5,,8.2,41.3,34.3
Costa Rica,CRC,NA,1997,45.6,,6.7,38.1,33.8
Costa Rica,CRC,NA,1998,45.6,,5.2,33.6,34
Costa Rica,CRC,NA,1999,47.6,,6.8,36.1,35.9
Costa Rica,CRC,NA,2000,47.4,,6.9,36.1,35.7
Costa Rica,CRC,NA,2001,51.5,,5.1,28,39.7
Costa Rica,CRC,NA,2002,51.8,,4.7,27.8,40.4
Costa Rica,CRC,NA,2003,49.3,,4.7,26.5,37
Costa Rica,CRC,NA,2004,48.4,,4.7,27.9,36.6
Costa Rica,CRC,NA,2005,47.5,,3.3,25.4,35.9
Costa Rica,CRC,NA,2006,49.3,,3.3,25.1,38.3
Costa Rica,CRC,NA,2007,49.3,,1.8,20.3,38.9
Costa Rica,CRC,NA,2008,48.6,,2.4,20,37.7
Costa Rica,CRC,NA,2009,50.6,,2.5,19.4,39.4
Costa Rica,CRC,NA,2010,48,,1.5,15.6,36.8
Costa Rica,CRC,NA,2011,48.8,24.8,1.8,16.4,36.9
Costa Rica,CRC,NA,2012,48.4,23.5,1.7,15.6,36.6
Costa Rica,CRC,NA,2013,49.2,23.3,1.6,15.6,37
Costa Rica,CRC,NA,2014,48.6,24.6,1.5,15.1,36.9
Costa Rica,CRC,NA,2015,48.4,23.6,1.6,14.8,36.8
Costa Rica,CRC,NA,2016,48.7,22.9,1.3,14.2,37.3
Costa Rica,CRC,NA,2017,48.3,22.1,1.2,12.9,37
Costa Rica,CRC,NA,2018,48,22.9,1.5,13.9,36.3
Costa Rica,CRC,NA,2019,48.2,23.9,1.1,13.7,36.7
Costa Rica,CRC,NA,2020,49.2,30,2.3,19.9,37
Costa Rica,CRC,NA,2021,48.7,26.2,1.2,14.5,37.2
Costa Rica,CRC,NA,2022,47.2,25.5,0.9,14.1,35.7
Costa Rica,CRC,NA,2023,46.7,,0.9,12.7,35.1
Croatia,HRV,EU,2009,32.6,20.6,0.9,5.1,24.2
Croatia,HRV,EU,2010,32.4,20.9,1.2,6.6,23.9
Croatia,HRV,EU,2011,32.3,20.4,0.6,7.5,23.7
Croatia,HRV,EU,2012,32.5,19.5,0.8,8.1,23.9
Croatia,HRV,EU,2013,32,19.4,0.7,7.8,23.7
Croatia,HRV,EU,2014,32.1,20,1,6.6,24
Croatia,HRV,EU,2015,31.1,19.5,0.6,5.8,23.2
Croatia,HRV,EU,2016,30.9,20,0.6,4.7,23.2
Croatia,HRV,EU,2017,30.4,19.3,0.5,4.2,22.8
Croatia,HRV,EU,2018,29.7,18.3,0.4,2.7,22.7
Croatia,HRV,EU,2019,28.9,18.3,0.3,2.4,22.2
Croatia,HRV,EU,2020,29.5,19.2,0.3,2.1,22.3
Croatia,HRV,EU,2021,28.9,18,0.3,1.8,22.3
Cyprus,CYP,EU,2004,30.1,16.1,0.1,0.3,24.3
Cyprus,CYP,EU,2005,30.3,15.6,0,0.1,24.9
Cyprus,CYP,EU,2006,31.1,15.5,0,0,26
Cyprus,CYP,EU,2007,31.1,15.9,0,0.1,25.5
Cyprus,CYP,EU,2008,31.7,15.8,0,0,26.2
Cyprus,CYP,EU,2009,32.1,15.6,0.1,0.2,26.2
Cyprus,CYP,EU,2010,31.5,14.8,0,0.2,25.7
Cyprus,CYP,EU,2011,32.6,14.7,0,0.2,26.7
Cyprus,CYP,EU,2012,34.3,15.3,0,0.1,28
Cyprus,CYP,EU,2013,37,14.4,0.1,0.3,30.9
Cyprus,CYP,EU,2014,35.6,16.2,0.1,0.4,28.8
Cyprus,CYP,EU,2015,34,16.1,0,0.1,27.5
Cyprus,CYP,EU,2016,32.9,15.7,0,0.1,26.8
Cyprus,CYP,EU,2017,31.4,15.4,0,0.1,25.5
Cyprus,CYP,EU,2018,32.7,14.7,0,0.2,27.2
Cyprus,CYP,EU,2019,31.2,14.3,0.2,0.3,25.5
Cyprus,CYP,EU,2020,31.7,13.8,0,0.2,26.3
Cyprus,CYP,EU,2021,31.3,13.9,0,0.1,25.7
Czechia,CZE,EU,1992,20.7,,0,0.7,19.2
Czechia,CZE,EU,1993,26.6,,0,0,23.7
Czechia,CZE,EU,1996,25.8,,0,1.5,21.8
Czechia,CZE,EU,2002,26.6,,0,0.7,22.2
Czechia,CZE,EU,2004,27.5,10.4,0,1.3,23.1
Czechia,CZE,EU,2005,26.9,9.9,0,0.8,22.9
Czechia,CZE,EU,2006,26.7,9.6,0.1,0.8,22.6
Czechia,CZE,EU,2007,26,9,0.1,0.7,22.3
Czechia,CZE,EU,2008,26.3,8.6,0,0.5,22.9
Czechia,CZE,EU,2009,26.2,9,0,0.8,22.4
Czechia,CZE,EU,2010,26.6,9.8,0,0.9,22.4
Czechia,CZE,EU,2011,26.4,9.6,0,0.8,22.2
Czechia,CZE,EU,2012,26.1,8.6,0,0.9,22.2
Czechia,CZE,EU,2013,26.5,9.7,0,0.7,22.6
Czechia,CZE,EU,2014,25.9,9.7,0,0.8,22.1
Czechia,CZE,EU,2015,25.9,9.7,0,0.4,22.1
Czechia,CZE,EU,2016,25.4,9.1,0,0.7,21.9
Czechia,CZE,EU,2017,24.9,9.6,0,0.5,21.4
Czechia,CZE,EU,2018,25,10.1,0,0.2,21.5
Czechia,CZE,EU,2019,25.3,9.5,0,0.3,21.5
Czechia,CZE,EU,2020,26.2,8.6,0,0.4,22.5
Czechia,CZE,EU,2021,26.2,10.2,0.1,0.3,22.2
Democratic Republic of the Congo,COD,AF,2004,41.6,69.3,91.5,99.7,32.3
Democratic Republic of the Congo,COD,AF,2012,42.1,63.9,69.7,97.4,32
Democratic Republic of the Congo,COD,AF,2020,44.7,,78.9,97.7,35.7
Denmark,DNK,EU,1987,26.2,,0.5,1.2,21.2
Denmark,DNK,EU,1992,24.7,,0.5,1,20.2
Denmark,DNK,EU,1995,23,,0,0.2,19.4
Denmark,DNK,EU,2000,23.8,,0,0.2,19.8
Denmark,DNK,EU,2003,25.6,,0.3,0.4,21.4
Denmark,DNK,EU,2004,24.9,,0.3,0.4,20.6
Denmark,DNK,EU,2005,25.2,,0.3,0.5,21
Denmark,DNK,EU,2006,25.9,,0.1,0.3,21.7
Denmark,DNK,EU,2007,26.2,,0,0.6,22.1
Denmark,DNK,EU,2008,25.2,,0.1,0.8,21
Denmark,DNK,EU,2009,26.7,,0.5,1,21.8
Denmark,DNK,EU,2010,27.2,,0.1,0.2,22.5
Denmark,DNK,EU,2011,27.3,,0,0.6,22.7
Denmark,DNK,EU,2012,27.8,,0,0.4,23.1
Denmark,DNK,EU,2013,28.5,,0.3,0.6,23.7
Denmark,DNK,EU,2014,28.4,,0.2,0.7,23.6
Denmark,DNK,EU,2015,28.2,,0.2,0.4,23.8
Denmark,DNK,EU,2016,28.2,,0.3,0.5,23.7
Denmark,DNK,EU,2017,28.7,,0.1,0.3,24
Denmark,DNK,EU,2018,28.2,,0.2,0.3,23.5
Denmark,DNK,EU,2019,27.7,12.1,0.3,0.4,23.5
Denmark,DNK,EU,2020,27.5,12.3,0.2,0.4,22.9
Denmark,DNK,EU,2021,28.3,12.4,0.2,0.3,23.8
Djibouti,DJI,AF,2002,40,,22.5,82.5,30.8
Djibouti,DJI,AF,2012,45.1,,19.7,76,34.4
Djibouti,DJI,AF,2013,44.1,,24.9,80.6,34
Djibouti,DJI,AF,2017,41.6,21.1,19.1,78.5,32.3
Dominican Republic,DOM,NA,1986,47.8,,7.1,37.6,36.1
Dominican Republic,DOM,NA,1989,50.4,,17.4,65.3,39.8
Dominican Republic,DOM,NA,1992,51.1,,7.6,52.5,41.6
Dominican Republic,DOM,NA,1996,47.4,,6.5,42.3,36.5
Dominican Republic,DOM,NA,1997,48.9,,6.9,39.4,37.9
Dominican Republic,DOM,NA,2000,51.5,,6.7,41.1,40.2
Dominican Republic,DOM,NA,2001,50,,5.1,40.5,39.2
Dominican Republic,DOM,NA,2002,49.7,,7.6,40,38.3
Dominican Republic,DOM,NA,2003,52.1,,8.7,49,41.7
Dominican Republic,DOM,NA,2004,52,,11.6,57,41.7
Dominican Republic,DOM,NA,2005,50,,7.4,48.2,39
Dominican Republic,DOM,NA,2006,52,,6.3,45,41.2
Dominican Republic,DOM,NA,2007,48.9,,6.1,44.3,38.6
Dominican Republic,DOM,NA,2008,48.1,,5.4,45.9,37.8
Dominican Republic,DOM,NA,2009,48.9,,4.7,42.9,38.7
Dominican Republic,DOM,NA,2010,47.3,,3.9,43.7,36.5
Dominican Republic,DOM,NA,2011,47.7,,4.1,41.6,37.5
Dominican Republic,DOM,NA,2012,46.1,,3.8,41.2,36
Dominican Republic,DOM,NA,2013,47.7,,3,40.5,37.9
Dominican Republic,DOM,NA,2014,44.3,,3.4,34.8,33.4
Dominican Republic,DOM,NA,2015,45.2,,2.5,30.4,34.8
Dominican Republic,DOM,NA,2016,45.7,,2,28.7,35.4
Dominican Republic,DOM,NA,2017,42.2,25.6,1,25.5,33.5
Dominican Republic,DOM,NA,2018,43.7,22.8,0.8,22.2,35.1
Dominican Republic,DOM,NA,2019,41.9,21,0.8,20.2,33.1
Dominican Republic,DOM,NA,2020,39.6,23.4,1,23.2,30.4
Dominican Republic,DOM,NA,2021,38.5,23.9,0.9,23.2,30.2
Dominican Republic,DOM,NA,2022,37,,0.8,21.5,28.3
Ecuador,ECU,SA,1987,50.5,,17.6,59.6,38.4
Ecuador,ECU,SA,1994,53.3,,17.1,64.8,42.5
Ecuador,ECU,SA,1995,50.8,,13.8,64.4,40
Ecuador,ECU,SA,1998,49.6,,15.7,64.3,37.8
Ecuador,ECU,SA,1999,58.6,,21.8,67.8,47.8
Ecuador,ECU,SA,2000,56.3,,28.2,75.9,45.9
Ecuador,ECU,SA,2003,53.5,,14.8,57.7,42
Ecuador,ECU,SA,2004,53.9,,15.1,59,42.4
Ecuador,ECU,SA,2005,53,,11.8,50.6,41.1
Ecuador,ECU,SA,2006,52.2,,8.2,45.8,41.1
Ecuador,ECU,SA,2007,53.4,36.7,8.5,44.9,42
Ecuador,ECU,SA,2008,49.8,35.1,7.5,42.3,38.1
Ecuador,ECU,SA,2009,48.5,36,7.3,43.2,37.1
Ecuador,ECU,SA,2010,48.8,32.8,5.7,38.8,37.5
Ecuador,ECU,SA,2011,45.9,28.6,4.7,34.7,34.1
Ecuador,ECU,SA,2012,46.1,27.3,4.5,31.4,34.6
Ecuador,ECU,SA,2013,46.9,25.6,3.2,31.2,35.7
Ecuador,ECU,SA,2014,45,22.5,2.6,27.6,34.4
Ecuador,ECU,SA,2015,46,23.3,3.4,28.8,34.9
Ecuador,ECU,SA,2016,45,22.9,3.6,28.2,34.3
Ecuador,ECU,SA,2017,44.7,21.5,3.2,27.1,33.8
Ecuador,ECU,SA,2018,45.4,23.2,3.3,27.8,34.4
Ecuador,ECU,SA,2019,45.7,25,3.6,29.7,34.5
Ecuador,ECU,SA,2020,47.3,33,6.5,34.6,36
Ecuador,ECU,SA,2021,45.8,27.7,3.6,31.7,34.7
Ecuador,ECU,SA,2022,45.5,25.2,3.2,29.9,34.3
Ecuador,ECU,SA,2023,44.6,,3.8,29.6,33.2
Egypt,EGY,AF,1990,32,,5.2,78.9,26.7
Egypt,EGY,AF,1995,30.1,,2,81.8,26.1
Egypt,EGY,AF,1999,30.8,,0,70.5,26.4
Egypt,EGY,AF,2004,31.8,,3.1,77.7,27.4
Egypt,EGY,AF,2008,31.1,,2.9,77.5,27
Egypt,EGY,AF,2010,30.2,,1,70.6,26.1
Egypt,EGY,AF,2012,28.3,,0.9,67.8,24.7
Egypt,EGY,AF,2015,31.8,,0.9,64.5,27.8
Egypt,EGY,AF,2017,31.5,,2.5,72.6,26.9
Egypt,EGY,AF,2019,31.9,29.7,1.5,68.8,27.5
El Salvador,SLV,NA,1989,48.7,,19.4,58.5,34.9
El Salvador,SLV,NA,1991,53.8,,22.1,65.9,41.3
El Salvador,SLV,NA,1995,49.8,,13.3,58.2,38.8
El Salvador,SLV,NA,1996,51,,15.3,59.7,39.3
El Salvador,SLV,NA,1998,54.4,,21,57.9,40.5
El Salvador,SLV,NA,1999,52.1,,17.3,55.3,38.6
El Salvador,SLV,NA,2000,51.5,,12.9,51,39
El Salvador,SLV,NA,2001,51.3,,14.1,52.4,38.6
El Salvador,SLV,NA,2002,51.9,,14.7,52.4,38.8
El Salvador,SLV,NA,2003,50.4,,15.8,53.6,37.2
El Salvador,SLV,NA,2004,47.8,,11.5,51.8,35.6
El Salvador,SLV,NA,2005,48.5,,11.3,51.8,36.8
El Salvador,SLV,NA,2006,45.7,,7.7,50.5,35.6
El Salvador,SLV,NA,2007,45.2,,5.1,47.2,35.7
El Salvador,SLV,NA,2008,46.9,,7.7,50.9,36.1
El Salvador,SLV,NA,2009,45.8,,7.4,50.5,36
El Salvador,SLV,NA,2010,43.5,,6.3,49.1,33.2
El Salvador,SLV,NA,2011,42.3,,5.3,50,32.7
El Salvador,SLV,NA,2012,41.8,,4.6,47.1,32.6
El Salvador,SLV,NA,2013,43.4,,3.6,42.7,34.2
El Salvador,SLV,NA,2014,41.6,,3.4,42.7,32.1
El Salvador,SLV,NA,2015,40.6,,2.3,40.2,31.8
El Salvador,SLV,NA,2016,40,,2.6,38.7,30.6
El Salvador,SLV,NA,2017,38,,2.2,36.3,29.1
El Salvador,SLV,NA,2018,38.6,,1.8,33,29.4
El Salvador,SLV,NA,2019,38.8,,1.4,28.8,29.8
El Salvador,SLV,NA,2020,,26.2,,,
El Salvador,SLV,NA,2021,39,24.6,3.6,28.4,29
El Salvador,SLV,NA,2022,38.8,26.6,3.4,27.5,28.7
Equatorial Guinea,GNQ,AF,2006,,76.8,,,
Estonia,EST,EU,2003,37.2,20.2,2.5,16.9,28.4
Estonia,EST,EU,2004,33.6,18.3,1.1,10.9,25.9
Estonia,EST,EU,2005,33.4,18.3,0.8,7.6,26.1
Estonia,EST,EU,2006,33.7,19.4,0.8,4.6,26.8
Estonia,EST,EU,2007,31.2,19.5,0.4,3,24
Estonia,EST,EU,2008,31.9,19.7,0.4,3,24.9
Estonia,EST,EU,2009,31.4,15.8,0.6,4,24.4
Estonia,EST,EU,2010,32,17.5,0.8,5.8,24.3
Estonia,EST,EU,2011,32.5,17.5,1,4.7,24.7
Estonia,EST,EU,2012,32.9,18.6,0.7,4.1,25.2
Estonia,EST,EU,2013,35.1,21.8,0.9,4.2,26.6
Estonia,EST,EU,2014,34.6,21.6,0.8,4,26.3
Estonia,EST,EU,2015,32.7,21.7,0.6,2.3,24.4
Estonia,EST,EU,2016,31.2,21,0.5,1.8,23.1
Estonia,EST,EU,2017,30.4,21.9,0.3,1.3,22.5
Estonia,EST,EU,2018,30.3,21.7,0.2,1.1,22.4
Estonia,EST,EU,2019,30.8,20.7,0.6,1.4,23.3
Estonia,EST,EU,2020,30.7,20.6,0.3,1.3,23.5
Estonia,EST,EU,2021,31.8,22.8,0.3,0.7,24.3
Estonia,EST,EU,2022,,22.5,,,
Ethiopia,ETH,AF,1995,44.6,,69.2,96.9,38
Ethiopia,ETH,AF,1999,30,,58,98,25.5
Ethiopia,ETH,AF,2004,29.8,38.7,34.6,96.3,25.6
Ethiopia,ETH,AF,2010,33.2,29.6,30.8,94,27.4
Ethiopia,ETH,AF,2015,35,23.5,27,90.9,28.5
Fiji,FJI,OC,2002,38.1,,1.7,44.9,29.6
Fiji,FJI,OC,2008,40.4,,1,40,32.9
Fiji,FJI,OC,2013,36.7,,0.4,38.6,29.7
Fiji,FJI,OC,2019,30.7,24.1,1.3,52.6,24.2
Finland,FIN,EU,1987,22.2,,0,0.2,18.8
Finland,FIN,EU,1991,22.9,,0,0.2,19.3
Finland,FIN,EU,1995,23.5,,0,0.2,20.2
Finland,FIN,EU,2000,27.2,,0,0.2,22.4
Finland,FIN,EU,2003,27.7,11,0,0.2,23
Finland,FIN,EU,2004,27.9,11.7,0,0.2,23.2
Finland,FIN,EU,2005,27.6,12.6,0.1,0.2,23
Finland,FIN,EU,2006,28,13,0.1,0.2,23
Finland,FIN,EU,2007,28.3,13.6,0.1,0.1,23.3
Finland,FIN,EU,2008,27.8,13.8,0.1,0.2,22.9
Finland,FIN,EU,2009,27.5,13.1,0.1,0.1,22.6
Finland,FIN,EU,2010,27.7,13.7,0.1,0.2,22.5
Finland,FIN,EU,2011,27.6,13.2,0,0.1,22.8
Finland,FIN,EU,2012,27.1,11.8,0.1,0.2,22.3
Finland,FIN,EU,2013,27.2,12.8,0.1,0.2,22.2
Finland,FIN,EU,2014,26.8,12.4,0.1,0.2,22
Finland,FIN,EU,2015,27.1,11.6,0.1,0.2,22.4
Finland,FIN,EU,2016,27.1,11.5,0,0.2,22.4
Finland,FIN,EU,2017,27.4,12,0.1,0.1,22.6
Finland,FIN,EU,2018,27.3,11.6,0.1,0.2,22.6
Finland,FIN,EU,2019,27.7,12.2,0,0.2,23
Finland,FIN,EU,2020,27.1,10.8,0,0.1,22.6
Finland,FIN,EU,2021,27.7,12.7,0,0.1,22.9
Finland,FIN,EU,2022,,12.2,,,
France,FRA,EU,1970,37.1,,0,4,28.2
France,FRA,EU,1975,35.9,,0.2,2.5,27.5
France,FRA,EU,1979,34,,0.2,1.2,26.2
France,FRA,EU,1984,33.4,,0.5,1.2,25.7
France,FRA,EU,1990,32.1,,0.2,0.5,24.8
France,FRA,EU,1996,32,,0.2,0.7,24
France,FRA,EU,1997,31.9,,0.2,0.5,24
France,FRA,EU,1998,31.7,,0,0.5,24.1
France,FRA,EU,1999,32.5,,0,0.5,24.9
France,FRA,EU,2000,32.6,,0,0.5,25
France,FRA,EU,2001,32.5,,0,0.2,25
France,FRA,EU,2002,31.8,,0,0.2,24.6
France,FRA,EU,2003,31.4,,0.2,0.4,25.2
France,FRA,EU,2004,30.6,,0,0.3,24.5
France,FRA,EU,2005,29.8,,0,0.3,23.9
France,FRA,EU,2006,29.7,,0,0.2,23.5
France,FRA,EU,2007,32.4,,0,0.1,26.2
France,FRA,EU,2008,33,,0,0.1,26.7
France,FRA,EU,2009,32.7,,0,0.4,26.1
France,FRA,EU,2010,33.7,,0.1,0.3,27.1
France,FRA,EU,2011,33.3,,0,0.2,26.9
France,FRA,EU,2012,33.1,,0.1,0.3,26.9
France,FRA,EU,2013,32.5,,0.1,0.2,26.4
France,FRA,EU,2014,32.3,,0,0.2,26.1
France,FRA,EU,2015,32.7,,0.1,0.3,26.6
France,FRA,EU,2016,31.9,,0.1,0.3,25.9
France,FRA,EU,2017,31.6,,0,0.1,25.8
France,FRA,EU,2018,32.4,,0,0.1,26.7
France,FRA,EU,2019,31.2,,0.1,0.4,24.8
France,FRA,EU,2020,30.7,,0.1,0.4,24.5
France,FRA,EU,2021,31.5,15.6,0.1,0.5,24.9
Gabon,GAB,AF,2005,42.2,32.7,5.5,55.1,33.1
Gabon,GAB,AF,2017,38,33.4,2.5,31.2,27.7
Gambia,GMB,AF,1998,48.3,,74.1,96.5,37.5
Gambia,GMB,AF,2003,47.3,,50.7,90.9,36.7
Gambia,GMB,AF,2010,43.6,48.1,29.8,86.3,34.9
Gambia,GMB,AF,2015,35.9,48.6,13.4,81.2,28.7
Gambia,GMB,AF,2020,38.8,53.4,17.2,80.6,30.5
Georgia,GEO,AS,1996,37.1,,6.8,52,27.9
Georgia,GEO,AS,1997,40.7,,18.8,73.9,29.9
Georgia,GEO,AS,1998,41.2,,17,74.1,31.2
Georgia,GEO,AS,1999,40.1,,21.8,79.6,29.9
Georgia,GEO,AS,2000,40.5,,22.9,81.6,30.3
Georgia,GEO,AS,2001,39.6,,23,83.5,30
Georgia,GEO,AS,2002,37.2,,12.7,72.7,28.2
Georgia,GEO,AS,2003,36.7,,12.9,72,27.1
Georgia,GEO,AS,2004,36.2,,12.4,70,26.7
Georgia,GEO,AS,2005,37.4,,12.9,71.7,27.7
Georgia,GEO,AS,2006,36.9,36.9,12.6,72.7,27.5
Georgia,GEO,AS,2007,38.1,38.8,14.2,74.1,28.9
Georgia,GEO,AS,2008,38.5,34.9,12.4,70.2,29.1
Georgia,GEO,AS,2009,38.2,34.9,12.1,70.5,28.9
Georgia,GEO,AS,2010,39.5,37.3,14.4,70.6,29.5
Georgia,GEO,AS,2011,39.6,34.1,13.4,69,29.8
Georgia,GEO,AS,2012,39,30,10.7,65.5,29.3
Georgia,GEO,AS,2013,38.6,26.2,8.1,60,29.1
Georgia,GEO,AS,2014,37.6,23.5,6.1,57,28.6
Georgia,GEO,AS,2015,36.5,21.6,4.9,56.2,27.8
Georgia,GEO,AS,2016,36.6,22,4.9,56.3,28.1
Georgia,GEO,AS,2017,37.9,21.9,6.2,53.9,28.9
Georgia,GEO,AS,2018,36.4,20.1,5.6,53.9,27.5
Georgia,GEO,AS,2019,35.9,19.5,4.8,54.2,27.6
Georgia,GEO,AS,2020,34.5,21.3,5.8,58.3,26.2
Georgia,GEO,AS,2021,34.2,17.5,5.5,55.4,26.2
Georgia,GEO,AS,2022,33.5,15.6,4.3,47.7,25.2
Germany,DEU,EU,1991,29.5,,0,0.2,22.8
Germany,DEU,EU,1992,29.1,,0,0.2,22.7
Germany,DEU,EU,1993,28.6,,0,0.2,22.5
Germany,DEU,EU,1994,29.2,,0.2,0.7,22.6
Germany,DEU,EU,1995,28.8,,0.2,0.5,22.4
Germany,DEU,EU,1996,28,,0,0.2,22
Germany,DEU,EU,1997,28.2,,0,0.2,22
Germany,DEU,EU,1998,28.3,,0,0.2,22
Germany,DEU,EU,1999,29,,0,0.2,22.7
Germany,DEU,EU,2000,28.9,,0,0.2,22.6
Germany,DEU,EU,2001,29.9,,0,0.2,23.6
Germany,DEU,EU,2002,29.8,,0,0.2,23.3
Germany,DEU,EU,2003,29.8,,0,0.5,23.5
Germany,DEU,EU,2004,30.2,,0,0.2,23.7
Germany,DEU,EU,2005,31.7,,0,0.2,24.9
Germany,DEU,EU,2006,31,,0,0.2,24.3
Germany,DEU,EU,2007,31.2,,0,0.2,24.7
Germany,DEU,EU,2008,30.8,,0,0.2,24.2
Germany,DEU,EU,2009,30.5,,0,0.2,23.6
Germany,DEU,EU,2010,30.2,,0,0.2,23.7
Germany,DEU,EU,2011,30.6,,0,0.2,24.1
Germany,DEU,EU,2012,31.1,,0,0.2,24
Germany,DEU,EU,2013,31.5,,0,0.2,24.5
Germany,DEU,EU,2014,30.8,,0,0.2,23.6
Germany,DEU,EU,2015,31.7,,0,0.2,24.6
Germany,DEU,EU,2016,31.4,,0,0.2,24.2
Germany,DEU,EU,2017,31.3,,0.2,0.5,24.2
Germany,DEU,EU,2018,31.9,,0,0.2,24.9
Germany,DEU,EU,2019,31.8,16.1,0.2,0.5,24.7
Germany,DEU,EU,2020,32.4,16,0.2,0.5,25
Germany,DEU,EU,2021,,14.8,,,
Ghana,GHA,AF,1987,35.3,,58.4,97.2,27.3
Ghana,GHA,AF,1988,36,,57.7,96.9,28.1
Ghana,GHA,AF,1991,38.4,,64.2,96.9,30.1
Ghana,GHA,AF,1998,40.1,,55,95,29.6
Ghana,GHA,AF,2005,42.8,31.9,42.5,91,32.7
Ghana,GHA,AF,2012,42.4,24.2,25.7,80.5,31.7
Ghana,GHA,AF,2016,43.5,23.4,25.2,78.5,32.2
Greece,GRC,EU,1995,37,,1.7,4.7,26.9
Greece,GRC,EU,2000,34.2,,0.5,2.7,25.3
Greece,GRC,EU,2002,,20.7,,,
Greece,GRC,EU,2003,32.8,19.9,0.5,1.9,24.6
Greece,GRC,EU,2004,33.6,19.6,0.6,1.9,25.5
Greece,GRC,EU,2005,34.6,20.5,0.3,1.7,26.3
Greece,GRC,EU,2006,35.1,20.3,0.6,2.2,26.7
Greece,GRC,EU,2007,34,20.1,0.5,1.7,26
Greece,GRC,EU,2008,33.6,19.7,0.3,1.6,26
Greece,GRC,EU,2009,33.6,20.1,0.6,1.8,26
Greece,GRC,EU,2010,34.1,21.4,1,2.6,25.6
Greece,GRC,EU,2011,34.8,23.1,1.1,5.2,25.6
Greece,GRC,EU,2012,36.3,23.1,1.5,7.2,26.6
Greece,GRC,EU,2013,36.1,22.1,1,8.3,26.4
Greece,GRC,EU,2014,35.8,21.4,1.5,7.7,26.1
Greece,GRC,EU,2015,36,21.2,1.4,7.8,26.2
Greece,GRC,EU,2016,35,20.2,1,6.4,25.9
Greece,GRC,EU,2017,34.4,18.5,0.9,5.3,25.9
Greece,GRC,EU,2018,32.9,17.9,0.1,3.7,24.9
Greece,GRC,EU,2019,33.1,17.7,0.7,3.9,24.9
Greece,GRC,EU,2020,33.6,19.6,0.8,3.9,25.2
Greece,GRC,EU,2021,32.9,18.8,0.6,2.9,24.8
Grenada,GRD,NA,2018,43.8,25,0.3,13.8,33.7
Guatemala,GTM,NA,1986,54.1,,49.7,87.5,41.5
Guatemala,GTM,NA,1989,58.8,,37,76.5,45.7
Guatemala,GTM,NA,1998,49.4,,14.7,55.3,37
Guatemala,GTM,NA,2000,54.2,56,9.6,50,43.9
Guatemala,GTM,NA,2006,54.6,51,11.7,48.6,43.2
Guatemala,GTM,NA,2014,48.3,59.3,9.5,55.4,38
Guinea,GIN,AF,1991,44.5,,88,100,31.2
Guinea,GIN,AF,1994,46.1,,41.2,87.9,36
Guinea,GIN,AF,2002,43,,53.3,94,34
Guinea,GIN,AF,2007,39.4,,48.1,92.9,30.1
Guinea,GIN,AF,2012,33.7,,24.5,90.5,26.4
Guinea,GIN,AF,2018,29.6,43.7,13.8,86.8,23.1
Guinea-Bissau,GNB,AF,1991,55.8,,42.4,83.6,42.2
Guinea-Bissau,GNB,AF,1993,43.6,,42.2,90.6,34.4
Guinea-Bissau,GNB,AF,2002,35.6,64.7,53.2,96.8,28
Guinea-Bissau,GNB,AF,2010,50.6,48.7,66.7,94.3,42
Guinea-Bissau,GNB,AF,2018,34.8,47.7,21.7,87.2,27.6
Guinea-Bissau,GNB,AF,2021,33.4,50.5,26,89.1,26.1
Guyana,GUY,SA,1992,39.5,,29.4,85.2,28.5
Guyana,GUY,SA,1998,45,,11.9,56.6,34.4
Haiti,HTI,NA,2012,41.1,58.5,29.2,85.8,31.2
Honduras,HND,NA,1989,55.4,,40,80.6,42.9
Honduras,HND,NA,1990,55.9,,42,82.6,43.6
Honduras,HND,NA,1991,51.8,,30.8,79.4,40.8
Honduras,HND,NA,1992,51.8,,27,76.4,41.4
Honduras,HND,NA,1993,53.4,,21.4,70.1,42.8
Honduras,HND,NA,1994,55,,24.3,70,43.5
Honduras,HND,NA,1995,55.5,,26.2,71,43.8
Honduras,HND,NA,1996,55.7,,28.6,72.9,43.7
Honduras,HND,NA,1997,52.7,,19.6,65.6,41.4
Honduras,HND,NA,1998,57.3,,24.5,64.7,44.6
Honduras,HND,NA,1999,55.2,,24.9,66.2,41.8
Honduras,HND,NA,2001,55.4,63.7,19.8,56.5,41.6
Honduras,HND,NA,2002,55.7,64.8,22,61.5,42.7
Honduras,HND,NA,2003,58.1,65.3,26.5,65,45
Honduras,HND,NA,2004,58.1,64.6,25.4,64.5,44.9
Honduras,HND,NA,2005,59.5,63.7,25.1,62,46.1
Honduras,HND,NA,2006,57.5,59.9,21.1,56.4,44
Honduras,HND,NA,2007,55.8,58.2,15.6,54.2,43.1
Honduras,HND,NA,2008,55.5,59.2,15.2,51.3,43
Honduras,HND,NA,2009,51.3,58.8,12.3,48.4,38.4
Honduras,HND,NA,2010,53.1,60,13.8,51.3,40.2
Honduras,HND,NA,2011,52.6,61.9,14.3,51.4,39.7
Honduras,HND,NA,2012,53.4,66.5,17,56.9,40.4
Honduras,HND,NA,2013,50,64.5,14.6,54.4,36.9
Honduras,HND,NA,2014,49.9,62.8,13.3,53.1,37.4
Honduras,HND,NA,2015,49.2,63.8,13,53.2,36.6
Honduras,HND,NA,2016,49.8,60.9,14.6,50.5,36
Honduras,HND,NA,2017,49.4,64.3,13.9,51.2,36.5
Honduras,HND,NA,2018,48.9,61.9,14.2,51.3,35.3
Honduras,HND,NA,2019,48.2,59.3,12.7,49.5,34.6
Honduras,HND,NA,2021,,73.6,,,
Honduras,HND,NA,2023,,64.1,,,
Hungary,HUN,EU,2004,29.9,13.5,0.1,5.7,24.2
Hungary,HUN,EU,2005,34.7,15.9,0.7,7.4,28.1
Hungary,HUN,EU,2006,28.3,12.3,0.1,4,22.8
Hungary,HUN,EU,2007,27.9,12.4,0.1,4,22.3
Hungary,HUN,EU,2008,27.5,12.4,0,3.3,22.1
Hungary,HUN,EU,2009,27,12.3,0.1,4,21.5
Hungary,HUN,EU,2010,29.4,14.1,0.1,5.4,23.1
Hungary,HUN,EU,2011,29.2,14.3,0.1,5.8,23.2
Hungary,HUN,EU,2012,30.8,15,0.3,7.8,23.9
Hungary,HUN,EU,2013,31.5,15,0.2,7.3,24.4
Hungary,HUN,EU,2014,30.9,14.9,0.7,5.4,24
Hungary,HUN,EU,2015,30.4,14.5,0.6,3.9,23.8
Hungary,HUN,EU,2016,30.3,13.4,1.3,3.3,23.8
Hungary,HUN,EU,2017,30.6,12.8,0.6,4,23.9
Hungary,HUN,EU,2018,29.6,12.3,0.2,2.8,23.2
Hungary,HUN,EU,2019,30,12.3,0.3,2.5,23.3
Hungary,HUN,EU,2020,29.7,12.6,0.4,2.5,23.3
Hungary,HUN,EU,2021,29.2,12.1,0.4,2.2,24.1
Iceland,ISL,EU,2003,26.8,10,0,0.4,22.6
Iceland,ISL,EU,2004,28,9.7,0.2,0.4,23.7
Iceland,ISL,EU,2005,29,9.6,0,0.2,24.3
Iceland,ISL,EU,2006,30.2,10.1,0.1,0.4,25.4
Iceland,ISL,EU,2007,29.5,10.1,0.1,0.3,24.8
Iceland,ISL,EU,2008,31.8,10.2,0.1,0.2,27.1
Iceland,ISL,EU,2009,28.7,9.8,0.1,0.3,24
Iceland,ISL,EU,2010,26.2,9.2,0.1,0.5,22
Iceland,ISL,EU,2011,26.8,7.9,0.1,0.8,22.1
Iceland,ISL,EU,2012,26.8,9.3,0,0.3,22.1
Iceland,ISL,EU,2013,25.4,7.9,0,0.2,21.3
Iceland,ISL,EU,2014,27.8,9.2,0,0.1,23.5
Iceland,ISL,EU,2015,26.8,8.8,0,0.1,22.5
Iceland,ISL,EU,2016,27.2,10.1,0,0.2,22.8
Iceland,ISL,EU,2017,26.1,8.8,0,0,22
India,IND,AS,1977,33.2,,63.5,97.8,27.4
India,IND,AS,1983,32,,56.7,97.4,26.4
India,IND,AS,1987,32.5,,50.9,96.7,27.5
India,IND,AS,1993,31.6,,48,96.7,26.6
India,IND,AS,2004,34,37.2,40.6,94.7,28.9
India,IND,AS,2009,34.9,29.8,33.5,93.3,29.6
India,IND,AS,2011,35.4,21.9,22.9,90.3,29.9
India,IND,AS,2015,34.7,,18.8,88.9,29.7
India,IND,AS,2016,34.7,,18.1,88.7,29.7
India,IND,AS,2017,35.9,,13.4,85.4,30.5
India,IND,AS,2018,34.5,,11.1,82.7,28.4
India,IND,AS,2019,33.8,,13.2,80.7,26.2
India,IND,AS,2020,33.8,,15.5,83,26.2
India,IND,AS,2021,32.8,,12.9,81.8,25.5
Indonesia,IDN,AS,1984,32.3,,74.3,98.8,26.2
Indonesia,IDN,AS,1987,30.4,,74.6,98.8,25.5
Indonesia,IDN,AS,1990,31.1,,61.8,97.8,26.1
Indonesia,IDN,AS,1993,31.8,,61.2,97.6,26.8
Indonesia,IDN,AS,1996,34.2,,49.3,95.7,28.6
Indonesia,IDN,AS,1998,30.9,,68.3,98.6,25.9
Indonesia,IDN,AS,1999,30.8,,44,96.9,26.4
Indonesia,IDN,AS,2000,30.3,19.1,43.8,96.5,25.6
Indonesia,IDN,AS,2001,31.2,18.4,40.3,95.6,26.3
Indonesia,IDN,AS,2002,30.2,18.2,23.5,93.3,25.9
Indonesia,IDN,AS,2003,29.3,17.4,22.8,93.2,24.6
Indonesia,IDN,AS,2004,30.4,16.7,24.2,92.7,25.3
Indonesia,IDN,AS,2005,29.9,16,20.1,92.4,25.1
Indonesia,IDN,AS,2006,31.5,17.8,26.2,93.3,26.1
Indonesia,IDN,AS,2007,33.2,16.6,21.6,89.7,27.3
Indonesia,IDN,AS,2008,32.6,15.4,19.2,89.2,26.9
Indonesia,IDN,AS,2009,33.4,14.1,18.8,89.1,27.8
Indonesia,IDN,AS,2010,34.6,,16.5,85.1,27.8
Indonesia,IDN,AS,2011,37.9,12.5,14.1,81.7,30.9
Indonesia,IDN,AS,2012,37.1,12,10.6,80,30.5
Indonesia,IDN,AS,2013,38.9,11.4,10.8,78.1,31.5
Indonesia,IDN,AS,2014,38.8,11.3,9.7,77.5,31.5
Indonesia,IDN,AS,2015,38.2,11.2,8.5,76.9,31.5
Indonesia,IDN,AS,2016,36.9,10.9,6.7,71.5,29.4
Indonesia,IDN,AS,2017,36.4,10.6,4.3,65.2,28.6
Indonesia,IDN,AS,2018,36.3,9.8,4.4,64.6,28.5
Indonesia,IDN,AS,2019,35.4,9.4,3.4,63.7,27.8
Indonesia,IDN,AS,2020,35.3,9.8,2.8,62.5,27.9
Indonesia,IDN,AS,2021,35.5,10.1,2.9,62.7,28.3
Indonesia,IDN,AS,2022,35.5,9.5,2.2,62.6,29
Indonesia,IDN,AS,2023,36.1,9.4,1.8,61.8,29.9
Iran,IRN,AS,1986,47.4,,9.2,52.9,36.9
Iran,IRN,AS,1990,43.6,,8.8,55.4,33.5
Iran,IRN,AS,1994,43,,4.2,47.7,33.3
Iran,IRN,AS,1998,44.1,,4.3,44.8,33.7
Iran,IRN,AS,2005,43.6,,1,23.5,33.3
Iran,IRN,AS,2006,44.8,,0.8,24.7,34
Iran,IRN,AS,2009,42.1,,1.5,22.7,31.3
Iran,IRN,AS,2011,34.7,,0.5,20.9,26.7
Iran,IRN,AS,2012,34.4,,0.3,19.7,26.9
Iran,IRN,AS,2013,34,,0.3,20.9,26.7
Iran,IRN,AS,2014,34.8,,0.6,23.5,27.1
Iran,IRN,AS,2015,35.3,,0.4,23,27.6
Iran,IRN,AS,2016,35.9,,0.4,23.1,28.1
Iran,IRN,AS,2017,36.7,,0.3,21.6,28.3
Iran,IRN,AS,2018,37.4,,0.7,24.4,29.1
Iran,IRN,AS,2019,36.5,,0.7,29.1,28.3
Iran,IRN,AS,2020,35.8,,0.8,29.3,27.6
Iran,IRN,AS,2021,35.5,,0.7,24.8,27.2
Iran,IRN,AS,2022,34.8,,0.5,21.9,26.8
Iraq,IRQ,AS,2006,28.6,22.4,0,26.4,23.6
Iraq,IRQ,AS,2012,29.5,18.9,0.1,24.7,23.7
Ireland,IRL,EU,1987,35.5,,0.7,8.2,26.8
Ireland,IRL,EU,1994,36.9,,0.2,1.2,28.6
Ireland,IRL,EU,1995,37,,0.2,1.5,28.2
Ireland,IRL,EU,1996,35.6,,0.2,1.5,27.3
Ireland,IRL,EU,2000,33,,0.2,0.5,25.7
Ireland,IRL,EU,2002,32.3,,0.2,1.2,24.6
Ireland,IRL,EU,2003,32.9,,0.1,0.5,25.9
Ireland,IRL,EU,2004,33.6,,0.1,0.4,26.6
Ireland,IRL,EU,2005,33.8,,0,0.3,26.9
Ireland,IRL,EU,2006,32.7,,0.4,0.6,25.6
Ireland,IRL,EU,2007,31.9,,0.1,0.5,25.5
Ireland,IRL,EU,2008,30.9,,0.2,0.8,24.6
Ireland,IRL,EU,2009,32.7,,0.5,1.4,25.6
Ireland,IRL,EU,2010,32.3,,0.5,1.7,24.9
Ireland,IRL,EU,2011,32.9,,0.5,1.4,25.5
Ireland,IRL,EU,2012,33.2,,0.3,1.3,25.9
Ireland,IRL,EU,2013,33.5,,0.7,1.5,26.1
Ireland,IRL,EU,2014,31.9,,0.4,1.2,24.9
Ireland,IRL,EU,2015,31.8,,0.4,0.8,25.4
Ireland,IRL,EU,2016,32.8,,0.1,0.8,25.9
Ireland,IRL,EU,2017,31.4,,0.2,0.5,25.4
Ireland,IRL,EU,2018,30.6,,0,0.1,25.1
Ireland,IRL,EU,2019,30.8,13.8,0.1,0.2,25.1
Ireland,IRL,EU,2020,29.2,12.9,0.1,0.2,23.8
Ireland,IRL,EU,2021,30.1,14,0.1,0.3,24.8
Israel,ISR,AS,1979,36.3,,0,9.2,26.2
Israel,ISR,AS,1986,36.5,,0.2,10,26.4
Israel,ISR,AS,1992,35.5,,0.2,4.7,26.5
Israel,ISR,AS,1997,38.1,,0.2,6,27.7
Israel,ISR,AS,2001,38.9,,0.2,4.2,28.3
Israel,ISR,AS,2002,39.6,,0.5,8.5,28.3
Israel,ISR,AS,2003,40.7,,0.5,9,29
Israel,ISR,AS,2004,41.5,,0.5,9.7,28.9
Israel,ISR,AS,2005,42.3,,0.5,9.4,30
Israel,ISR,AS,2006,41.6,,0.2,9,29.2
Israel,ISR,AS,2007,41.1,,0.5,7.2,29
Israel,ISR,AS,2008,41.6,,0.5,7.2,29.5
Israel,ISR,AS,2009,42.6,,0.5,8.2,30.1
Israel,ISR,AS,2010,42.6,,0.5,7.5,30.7
Israel,ISR,AS,2011,41.4,,0.2,7,29
Israel,ISR,AS,2012,41.3,,0.5,6.7,29.1
Israel,ISR,AS,2013,39.9,,0.5,5.2,28.2
Israel,ISR,AS,2014,39.8,,0.5,5.5,27.8
Israel,ISR,AS,2015,39.7,,0.5,5,28.1
Israel,ISR,AS,2016,39,,0.2,4,27.3
Israel,ISR,AS,2017,38.2,,0.5,4.2,26.5
Israel,ISR,AS,2018,38.6,,0.5,3.2,27.2
Israel,ISR,AS,2019,38.3,,0.7,4,26.7
Israel,ISR,AS,2020,37.8,,0.4,3.2,26.2
Israel,ISR,AS,2021,37.9,,0.2,3.5,26.6
Italy,ITA,EU,1977,34,,0.2,4,25.5
Italy,ITA,EU,1978,33.3,,0.5,4.2,25
Italy,ITA,EU,1979,33.3,,0.5,3.5,24.8
Italy,ITA,EU,1980,32.9,,0.2,2.5,25
Italy,ITA,EU,1981,31.6,,0,1.9,24.1
Italy,ITA,EU,1982,29.2,,0,1.2,22.2
Italy,ITA,EU,1983,29.8,,0.2,1.7,22.4
Italy,ITA,EU,1984,31.3,,0,2,23.5
Italy,ITA,EU,1986,31.2,,0.2,2.5,23.2
Italy,ITA,EU,1987,34.2,,1,2.7,24.6
Italy,ITA,EU,1989,32.1,,0,0.7,24.3
Italy,ITA,EU,1991,31,,0.2,1.7,23.2
Italy,ITA,EU,1993,35.1,,1.2,4.2,25.3
Italy,ITA,EU,1995,35.2,,0.7,3.5,25.7
Italy,ITA,EU,1998,36.7,,1.7,4,27.2
Italy,ITA,EU,2000,35.2,,1.2,3.5,26
Italy,ITA,EU,2002,34.7,,1.5,2.7,25.4
Italy,ITA,EU,2003,34.9,18.9,0.8,2.1,26.7
Italy,ITA,EU,2004,34.3,19.2,0.6,1.7,26.3
Italy,ITA,EU,2005,33.8,19.3,0.6,1.9,25.5
Italy,ITA,EU,2006,33.7,19.5,0.7,1.6,25.6
Italy,ITA,EU,2007,32.9,18.9,0.7,1.7,24.9
Italy,ITA,EU,2008,33.8,18.4,0.7,1.8,25.7
Italy,ITA,EU,2009,33.8,18.7,0.9,2.1,25.4
Italy,ITA,EU,2010,34.7,19.8,1.3,2.7,26.2
Italy,ITA,EU,2011,35.1,19.5,1.2,2.7,26.4
Italy,ITA,EU,2012,35.2,19.3,1.2,3.1,26.4
Italy,ITA,EU,2013,34.9,19.4,1.4,3.2,25.9
Italy,ITA,EU,2014,34.7,19.9,1.2,3.1,25.5
Italy,ITA,EU,2015,35.4,20.6,1.9,3.9,25.8
Italy,ITA,EU,2016,35.2,20.3,1.6,3.4,26
Italy,ITA,EU,2017,35.9,20.3,1.4,3.3,26.7
Italy,ITA,EU,2018,35.2,20.1,1.5,3.2,25.9
Italy,ITA,EU,2019,34.6,20,1,2.6,25.8
Italy,ITA,EU,2020,35.2,20.1,0.8,2.2,26.1
Italy,ITA,EU,2021,34.8,20.1,0.8,1.7,26.2
Ivory Coast,CIV,AF,1985,45.5,,8.2,55.6,35.6
Ivory Coast,CIV,AF,1986,38,,4.4,62.4,29.4
Ivory Coast,CIV,AF,1987,40.5,,9.4,68.9,32
Ivory Coast,CIV,AF,1988,36.9,,13.4,76.6,28.3
Ivory Coast,CIV,AF,1992,39.4,,27.1,84.3,29.5
Ivory Coast,CIV,AF,1995,40.6,,25.9,86.7,32.7
Ivory Coast,CIV,AF,1998,39,,30.4,87.4,30.1
Ivory Coast,CIV,AF,2002,41.3,,29.1,86.6,31.3
Ivory Coast,CIV,AF,2008,43.2,,34.4,86.6,32.6
Ivory Coast,CIV,AF,2015,41.5,44.4,33.4,87.9,31.9
Ivory Coast,CIV,AF,2018,37.2,39.5,11.5,75.6,29
Ivory Coast,CIV,AF,2021,35.3,37.5,9.7,76.4,27.8
Jamaica,JAM,NA,1988,43.2,,4.6,45.7,33.7
Jamaica,JAM,NA,1990,41.1,,2.9,49.5,32
Jamaica,JAM,NA,1993,35.7,,8.1,64.4,27.4
Jamaica,JAM,NA,1996,40.4,,2.6,42.8,32.7
Jamaica,JAM,NA,1999,44.1,,2.3,30.4,35
Jamaica,JAM,NA,2000,,18.7,,,
Jamaica,JAM,NA,2001,,16.9,,,
Jamaica,JAM,NA,2002,48.3,19.7,2.1,33.3,38
Jamaica,JAM,NA,2003,,19.1,,,
Jamaica,JAM,NA,2004,45.5,16.9,1.2,29.1,35.7
Jamaica,JAM,NA,2005,,14.8,,,
Jamaica,JAM,NA,2006,,14.3,,,
Jamaica,JAM,NA,2007,,9.9,,,
Jamaica,JAM,NA,2008,,12.3,,,
Jamaica,JAM,NA,2009,,16.5,,,
Jamaica,JAM,NA,2010,,17.6,,,
Jamaica,JAM,NA,2012,,19.9,,,
Jamaica,JAM,NA,2013,,24.6,,,
Jamaica,JAM,NA,2014,,20,,,
Jamaica,JAM,NA,2015,,21.2,,,
Jamaica,JAM,NA,2016,,17.1,,,
Jamaica,JAM,NA,2017,,19.3,,,
Jamaica,JAM,NA,2018,35.6,12.6,0.1,9.1,27.6
Jamaica,JAM,NA,2019,,11,,,
Jamaica,JAM,NA,2021,40.2,16.7,0.3,13.9,29.9
Japan,JPN,AS,2008,34.8,,0.5,2.2,25.7
Japan,JPN,AS,2010,32.1,,0,0.5,25.3
Japan,JPN,AS,2013,32.9,,0.7,1.4,26.1
Jordan,JOR,AS,1986,36.1,,0,13.7,28.1
Jordan,JOR,AS,1992,43.1,,0,32.8,34.7
Jordan,JOR,AS,1997,36.4,,0,31.6,29.8
Jordan,JOR,AS,2002,37,,0.2,22.8,29.5
Jordan,JOR,AS,2006,33.9,,0.1,13.5,27.5
Jordan,JOR,AS,2008,32.6,,0,12,26.6
Jordan,JOR,AS,2010,33.7,,0,8.2,27.4
Jordan,JOR,AS,2018,,15.7,,,
Kazakhstan,KAZ,AS,1996,35.4,,7.9,65.6,26.3
Kazakhstan,KAZ,AS,2001,36,,12.8,74.5,27.1
Kazakhstan,KAZ,AS,2002,34.8,,8.9,72.3,26.8
Kazakhstan,KAZ,AS,2003,33.7,,6.2,67.6,25.8
Kazakhstan,KAZ,AS,2004,31.8,,3.3,64.3,25.1
Kazakhstan,KAZ,AS,2005,39.8,,8.7,61.5,29.7
Kazakhstan,KAZ,AS,2006,30.2,,1,50.8,24.9
Kazakhstan,KAZ,AS,2007,30.1,,0.4,38,24.6
Kazakhstan,KAZ,AS,2008,28.5,,0.2,36.7,23.6
Kazakhstan,KAZ,AS,2009,28.2,,0.2,37.6,23.1
Kazakhstan,KAZ,AS,2010,28,,0.2,32,23.1
Kazakhstan,KAZ,AS,2011,28,,0.1,19.2,23
Kazakhstan,KAZ,AS,2012,28.2,,0,19,22.9
Kazakhstan,KAZ,AS,2013,27.1,,0,13.7,22.5
Kazakhstan,KAZ,AS,2014,27,,0,14.8,22.6
Kazakhstan,KAZ,AS,2015,26.8,,0,17.2,22.6
Kazakhstan,KAZ,AS,2016,27.2,,0.1,23.8,22.7
Kazakhstan,KAZ,AS,2017,27.5,,0,18.8,23
Kazakhstan,KAZ,AS,2018,27.8,4.3,0,14.3,23.4
Kazakhstan,KAZ,AS,2019,28,4.3,0,14.4,23.6
Kazakhstan,KAZ,AS,2020,28.7,5.3,0,13.9,24.2
Kazakhstan,KAZ,AS,2021,29.2,5.2,0,10.6,24.8
Kazakhstan,KAZ,AS,2022,,5.2,,,
Kenya,KEN,AF,1992,56.9,,26.4,74.9,47.2
Kenya,KEN,AF,1994,43.1,,25.9,83.2,33.4
Kenya,KEN,AF,1997,45,,25.4,82.1,36.2
Kenya,KEN,AF,2005,46.4,46.8,36.7,87.4,36.8
Kenya,KEN,AF,2015,40.8,36.1,29.4,85.7,31.6
Kenya,KEN,AF,2020,36.2,,35,91,28.4
Kenya,KEN,AF,2021,38.7,38.6,36.1,91.3,31.8
Kiribati,KIR,OC,2006,37,,14,77.4,29.2
Kiribati,KIR,OC,2019,27.8,21.9,1.7,68.9,22.8
Kyrgyzstan,KGZ,AS,2000,31,,38.2,95.2,24.8
Kyrgyzstan,KGZ,AS,2001,30.2,,33.4,95,23.9
Kyrgyzstan,KGZ,AS,2002,30.3,,31.1,94.6,23.9
Kyrgyzstan,KGZ,AS,2003,28.7,,25.7,94.1,23.3
Kyrgyzstan,KGZ,AS,2004,34.8,,11.6,80,27.2
Kyrgyzstan,KGZ,AS,2005,32.6,,13.6,84.7,26.1
Kyrgyzstan,KGZ,AS,2006,37.4,39.9,8.4,72.9,29.4
Kyrgyzstan,KGZ,AS,2007,33.9,35,8.8,74.2,26.5
Kyrgyzstan,KGZ,AS,2008,31.5,31.7,3.3,67.6,25.3
Kyrgyzstan,KGZ,AS,2009,29.9,31.7,1.5,67.6,24.6
Kyrgyzstan,KGZ,AS,2010,30.1,33.7,3.5,70.5,24.6
Kyrgyzstan,KGZ,AS,2011,27.8,36.8,1.3,70.6,23.5
Kyrgyzstan,KGZ,AS,2012,27.4,38,2.6,73.3,23.1
Kyrgyzstan,KGZ,AS,2013,28.8,37,2.6,73.3,23.8
Kyrgyzstan,KGZ,AS,2014,26.8,30.6,1,70.8,22.9
Kyrgyzstan,KGZ,AS,2015,29,32.1,2.2,73.8,24.8
Kyrgyzstan,KGZ,AS,2016,26.8,25.4,1.1,71.3,22.9
Kyrgyzstan,KGZ,AS,2017,27.3,25.6,1.3,70.3,23.3
Kyrgyzstan,KGZ,AS,2018,27.7,22.4,0.7,66.1,23.6
Kyrgyzstan,KGZ,AS,2019,29.7,20.1,0.7,63.7,25.8
Kyrgyzstan,KGZ,AS,2020,29,25.3,1.3,67.6,24
Kyrgyzstan,KGZ,AS,2021,28.8,33.3,0.7,62.2,24.2
Kyrgyzstan,KGZ,AS,2022,26.4,,0.3,60.1,22
Laos,LAO,AS,1992,34.3,,23.7,90.1,28
Laos,LAO,AS,1997,34.9,,43.2,94.6,29.1
Laos,LAO,AS,2002,32.6,,25.4,91.9,27
Laos,LAO,AS,2007,35.4,,19.5,88.3,29.2
Laos,LAO,AS,2012,36,,10.9,78.8,29
Laos,LAO,AS,2018,38.8,18.3,7.1,70.5,31.2
Latvia,LVA,EU,2004,36.4,19.4,2.5,19.3,28.5
Latvia,LVA,EU,2005,39,23.5,2.4,17.3,30
Latvia,LVA,EU,2006,35.6,21.2,1.6,9.4,26.8
Latvia,LVA,EU,2007,37.5,25.9,0.6,6.1,28.3
Latvia,LVA,EU,2008,37.2,26.4,1.3,7.9,27.7
Latvia,LVA,EU,2009,35.9,20.9,1.7,11.7,26.9
Latvia,LVA,EU,2010,35,19,1.7,11.9,26.2
Latvia,LVA,EU,2011,35.8,19.2,1,11.2,27.3
Latvia,LVA,EU,2012,35.2,19.4,1.1,10.4,26.6
Latvia,LVA,EU,2013,35.5,21.2,1.2,8.1,26.8
Latvia,LVA,EU,2014,35.1,22.5,0.8,7.1,26.7
Latvia,LVA,EU,2015,34.2,21.8,0.7,4.9,26.2
Latvia,LVA,EU,2016,34.3,22.1,0.6,4.6,25.8
Latvia,LVA,EU,2017,35.6,23.3,0.8,4.5,26.9
Latvia,LVA,EU,2018,35.1,22.9,0.4,3,26.9
Latvia,LVA,EU,2019,34.5,21.6,0.2,2.6,26.6
Latvia,LVA,EU,2020,35.7,23.4,0.5,2.5,27.5
Latvia,LVA,EU,2021,34.3,22.5,0.4,2.1,26.2
Latvia,LVA,EU,2022,,22.5,,,
Lebanon,LBN,AS,2011,31.8,,0,1.7,24.7
Lebanon,LBN,AS,2012,,27.4,,,
Lesotho,LSO,AF,1986,56,,54,89,43.6
Lesotho,LSO,AF,1994,63,,53.7,82.8,48.2
Lesotho,LSO,AF,2002,51.2,56.6,66.3,95.1,38.2
Lesotho,LSO,AF,2017,44.9,49.7,32.4,81,32.9
Liberia,LBR,AF,2007,36.4,,53.3,96.5,28.1
Liberia,LBR,AF,2014,33.2,54.1,25.9,90.3,26
Liberia,LBR,AF,2016,35.3,50.9,27.6,88.9,27.1
Lithuania,LTU,EU,2004,37,20.5,2.7,21.6,27.9
Lithuania,LTU,EU,2005,35.3,20,1.8,14.9,27.2
Lithuania,LTU,EU,2006,34.4,19.1,1.5,8.7,26.8
Lithuania,LTU,EU,2007,34.8,20.9,1.3,6.1,26.8
Lithuania,LTU,EU,2008,35.7,20.3,1.4,5.3,27.6
Lithuania,LTU,EU,2009,37.2,20.5,2.2,10.2,27.6
Lithuania,LTU,EU,2010,33.6,19.2,1.5,10.4,24.8
Lithuania,LTU,EU,2011,32.5,18.6,0.7,7,24.5
Lithuania,LTU,EU,2012,35.1,20.6,0.9,7,26.8
Lithuania,LTU,EU,2013,35.3,19.1,0.7,5.8,26.9
Lithuania,LTU,EU,2014,37.7,22.2,1.3,6.3,28.9
Lithuania,LTU,EU,2015,37.4,21.9,0.7,4.8,28.6
Lithuania,LTU,EU,2016,38.4,22.9,1.3,4.9,29.5
Lithuania,LTU,EU,2017,37.3,22.9,1,4.4,28.4
Lithuania,LTU,EU,2018,35.7,20.6,0.9,2.9,27.1
Lithuania,LTU,EU,2019,35.3,20.9,0.5,1.6,27.5
Lithuania,LTU,EU,2020,36,20,0.2,1.6,28.5
Lithuania,LTU,EU,2021,36.7,20.9,0.3,1.2,29.1
Luxembourg,LUX,EU,1985,26.3,,0,0.2,21.3
Luxembourg,LUX,EU,1986,28.1,,0,0.2,22.5
Luxembourg,LUX,EU,1987,29.5,,0,0.2,23.9
Luxembourg,LUX,EU,1988,28.8,,0,0,23.4
Luxembourg,LUX,EU,1989,30.8,,0,0,25.7
Luxembourg,LUX,EU,1990,27.7,,0,0,22.5
Luxembourg,LUX,EU,1991,27.2,,0,0,21.8
Luxembourg,LUX,EU,1992,27.3,,0,0,21.9
Luxembourg,LUX,EU,1993,27,,0,0,21.8
Luxembourg,LUX,EU,1994,28.1,,0,0,22.4
Luxembourg,LUX,EU,1995,28.3,,0,0,22.5
Luxembourg,LUX,EU,1996,29,,0,0.2,22.7
Luxembourg,LUX,EU,1997,29.6,,0,0,23.1
Luxembourg,LUX,EU,1998,30.6,,0,0,23.7
Luxembourg,LUX,EU,1999,30,,0,0,23.4
Luxembourg,LUX,EU,2000,30.1,,0,0,23.3
Luxembourg,LUX,EU,2001,30.9,,0,0,24.3
Luxembourg,LUX,EU,2002,31,,0,0,24.7
Luxembourg,LUX,EU,2003,30.2,,0.1,0.5,23.6
Luxembourg,LUX,EU,2004,30.2,,0,0.1,23.7
Luxembourg,LUX,EU,2005,30.8,,0,0.1,24.3
Luxembourg,LUX,EU,2006,30.9,,0,0,24.3
Luxembourg,LUX,EU,2007,31.1,,0,0,25
Luxembourg,LUX,EU,2008,32.6,,0,0.1,25.7
Luxembourg,LUX,EU,2009,31.2,,0,0.2,24.2
Luxembourg,LUX,EU,2010,30.5,,0,0.3,23.7
Luxembourg,LUX,EU,2011,32.1,,0.1,0.2,24.4
Luxembourg,LUX,EU,2012,34.3,,0,0.3,26.4
Luxembourg,LUX,EU,2013,32,,0.1,0.3,24.2
Luxembourg,LUX,EU,2014,31.2,,0.1,0.3,24.2
Luxembourg,LUX,EU,2015,32.9,,0.3,0.7,25.1
Luxembourg,LUX,EU,2016,31.7,,0.1,0.5,24.1
Luxembourg,LUX,EU,2017,34.5,,0.3,0.9,25.6
Luxembourg,LUX,EU,2018,35.4,,0.3,0.7,26.6
Luxembourg,LUX,EU,2019,34.2,,0.1,0.3,25.8
Luxembourg,LUX,EU,2020,33.4,,0,0,25
Luxembourg,LUX,EU,2021,32.7,17.3,0.1,0.3,24.5
Madagascar,MDG,AF,1980,46.8,,48.7,91.5,37
Madagascar,MDG,AF,1993,45.2,,73.3,97.5,37
Madagascar,MDG,AF,1997,39.4,,69.4,98,30.1
Madagascar,MDG,AF,1999,38.6,,66.9,97.8,28.9
Madagascar,MDG,AF,2001,47.4,70.8,71,95.9,36.6
Madagascar,MDG,AF,2005,39.9,73.2,74.2,98,32.4
Madagascar,MDG,AF,2010,42.4,71.7,80.2,98.1,34.3
Madagascar,MDG,AF,2012,42.6,70.7,80.7,98.2,33.5
Malawi,MWI,AF,1997,65.8,,58.5,93.8,61.5
Malawi,MWI,AF,2004,39.9,52.4,68.9,97.2,32.8
Malawi,MWI,AF,2010,45.5,50.7,68.4,96.2,36.9
Malawi,MWI,AF,2016,44.7,51.5,65.7,96.8,38.1
Malawi,MWI,AF,2019,38.5,50.7,70.1,97.3,31
Malaysia,MYS,AS,1984,48.5,,2.7,39.5,38.3
Malaysia,MYS,AS,1987,47,,1.7,40.1,36.9
Malaysia,MYS,AS,1989,46.2,,0.7,39.9,36.4
Malaysia,MYS,AS,1992,47.7,,1,37.1,37
Malaysia,MYS,AS,1995,48.5,,1.4,36,37.9
Malaysia,MYS,AS,1997,49.1,,0,27.6,38.4
Malaysia,MYS,AS,2003,46.4,,1.6,27.8,35.1
Malaysia,MYS,AS,2006,44.8,,0.8,22.4,33.8
Malaysia,MYS,AS,2008,45.5,,0.7,22.1,34.1
Malaysia,MYS,AS,2011,43.9,,0.1,12.9,33.2
Malaysia,MYS,AS,2013,41.3,,0,6.6,31.8
Malaysia,MYS,AS,2015,41.1,,0,4.8,31.3
Malaysia,MYS,AS,2018,41.2,,0,3.4,31.2
Malaysia,MYS,AS,2019,,8.4,,,
Malaysia,MYS,AS,2021,40.7,6.2,0,2.3,30.9
Maldives,MDV,AS,2002,41.3,,6.6,71.3,34.8
Maldives,MDV,AS,2009,38.4,,3.8,50.5,29.9
Maldives,MDV,AS,2016,31.3,,0,5.5,25.2
Maldives,MDV,AS,2019,29.3,5.4,0,3.9,23.3
Mali,MLI,AF,1994,50.2,,84.5,98,40.4
Mali,MLI,AF,2001,39.9,50.9,57.2,95.6,30
Mali,MLI,AF,2006,38.9,41.7,49.7,93.7,30.2
Mali,MLI,AF,2009,33,41.1,48.2,95.9,25.7
Mali,MLI,AF,2011,,45.4,,,
Mali,MLI,AF,2013,,47.1,,,
Mali,MLI,AF,2014,,46.9,,,
Mali,MLI,AF,2015,,47.2,,,
Mali,MLI,AF,2016,,46.8,,,
Mali,MLI,AF,2017,,44.9,,,
Mali,MLI,AF,2018,36,43.8,15.2,81,28.1
Mali,MLI,AF,2019,,42.3,,,
Mali,MLI,AF,2020,,41.9,,,
Mali,MLI,AF,2021,35.7,44.6,20.8,85.9,28.3
Malta,MLT,EU,2004,,14.3,,,
Malta,MLT,EU,2005,,14.2,,,
Malta,MLT,EU,2006,28,15.1,0.5,0.8,22
Malta,MLT,EU,2007,29.2,15.3,0.4,1.1,22.6
Malta,MLT,EU,2008,29,14.9,0.1,0.6,22.5
Malta,MLT,EU,2009,30.2,15.5,0.4,1,23.8
Malta,MLT,EU,2010,29,15.6,0.2,0.5,22.7
Malta,MLT,EU,2011,29.1,15.1,0.2,0.6,23.2
Malta,MLT,EU,2012,29.4,15.8,0.1,0.4,23.4
Malta,MLT,EU,2013,28.8,15.8,0,0.2,23.2
Malta,MLT,EU,2014,29,16.6,0,0.1,23.3
Malta,MLT,EU,2015,29.4,16.5,0.1,0.3,23.6
Malta,MLT,EU,2016,29.1,16.7,0.1,0.3,23.1
Malta,MLT,EU,2017,29.2,16.8,0.2,0.3,23.3
Malta,MLT,EU,2018,28.7,17.1,0.1,0.3,22.9
Malta,MLT,EU,2019,31,16.9,0.3,0.7,24.8
Malta,MLT,EU,2020,31.4,16.9,0.3,0.8,25.1
Malta,MLT,EU,2021,,16.7,,,
Mauritania,MRT,AF,1987,43.9,,41.4,89.8,32
Mauritania,MRT,AF,1993,49.5,,42.9,90.4,41.9
Mauritania,MRT,AF,1995,37.7,,21.8,84,28.7
Mauritania,MRT,AF,2000,39,,21.5,80.9,29.5
Mauritania,MRT,AF,2004,40.2,,18.1,82.7,32.6
Mauritania,MRT,AF,2008,35.7,,11.9,71.6,26.2
Mauritania,MRT,AF,2014,32.6,34.3,6.5,66.8,24.9
Mauritania,MRT,AF,2019,32,31.8,5.4,68,24.6
Mauritius,MUS,AF,2006,35.7,,0.3,22.8,28.7
Mauritius,MUS,AF,2012,38.5,7.9,0.4,19.4,31.6
Mauritius,MUS,AF,2017,36.8,10.3,0.1,13.5,29.9
Mexico,MEX,NA,1989,50.1,,8.7,53.5,40.2
Mexico,MEX,NA,1992,52.3,,7.9,49,41.9
Mexico,MEX,NA,1994,53.4,,7.9,47.6,43
Mexico,MEX,NA,1996,52,,14,60.4,41.2
Mexico,MEX,NA,1998,53.3,,15.2,56.7,41.8
Mexico,MEX,NA,2000,53.4,,10.7,49.9,42.4
Mexico,MEX,NA,2002,50.6,,7.5,47,39.9
Mexico,MEX,NA,2004,50.3,,7.2,44.2,39.7
Mexico,MEX,NA,2005,50.9,,7.8,42.9,40.3
Mexico,MEX,NA,2006,49.7,,5.4,39.7,39.5
Mexico,MEX,NA,2008,50.8,,6,40.2,39.7
Mexico,MEX,NA,2010,47.7,,4.7,40.2,37.2
Mexico,MEX,NA,2012,49.6,,4.2,37.3,39.6
Mexico,MEX,NA,2014,48.9,,4,40.3,39.5
Mexico,MEX,NA,2016,46.9,43.6,2.3,31.4,37.4
Mexico,MEX,NA,2018,46,41.9,1.9,28.8,36.6
Mexico,MEX,NA,2020,44.6,43.9,2.1,30.3,35.1
Mexico,MEX,NA,2022,43.5,36.3,1.2,21.8,34.4
Micronesia,FSM,OC,2005,42.4,,8.6,59.7,32.4
Micronesia,FSM,OC,2013,40.1,41.2,16,74.9,29.7
Moldova,MDA,EU,1997,36.9,,13,75.6,28.1
Moldova,MDA,EU,1998,39.5,,24,83.9,30.1
Moldova,MDA,EU,1999,42.6,,33.5,88.4,34.4
Moldova,MDA,EU,2000,36.4,,31.1,90.8,28.4
Moldova,MDA,EU,2001,38,,23.3,85.8,29.8
Moldova,MDA,EU,2002,35.8,,13.6,76.9,27.5
Moldova,MDA,EU,2003,34.9,,5.6,69.6,27.7
Moldova,MDA,EU,2004,35,,6.6,70.2,27.7
Moldova,MDA,EU,2005,36.3,,10.9,75.3,28.4
Moldova,MDA,EU,2006,35.4,,2,41.9,27.4
Moldova,MDA,EU,2007,34.4,,1,32.5,26.8
Moldova,MDA,EU,2008,34.7,,1,34,27.1
Moldova,MDA,EU,2009,32.9,,0.7,33,25
Moldova,MDA,EU,2010,32.1,,0.4,30.1,25.4
Moldova,MDA,EU,2011,30.6,,0.2,27,24.5
Moldova,MDA,EU,2012,29.2,,0.1,25.9,23.6
Moldova,MDA,EU,2013,28.5,,0,21.1,23.2
Moldova,MDA,EU,2014,26.8,,0,19.9,22.1
Moldova,MDA,EU,2015,27,,0,17.7,22.5
Moldova,MDA,EU,2016,26.3,,0.1,17.7,22.7
Moldova,MDA,EU,2017,25.9,,0,17.5,21.7
Moldova,MDA,EU,2018,25.7,,0,14.6,21.9
Moldova,MDA,EU,2019,26,25.2,0,14.7,22
Moldova,MDA,EU,2020,,26.8,,,
Moldova,MDA,EU,2021,25.7,24.5,0,14.4,22.1
Moldova,MDA,EU,2022,,31.1,,,
Mongolia,MNG,AS,1995,33.2,,14.8,79.3,25
Mongolia,MNG,AS,1998,30.3,,28.4,94.1,22.9
Mongolia,MNG,AS,2002,32.9,,11.6,77.1,24.6
Mongolia,MNG,AS,2007,35.8,,1.7,50.6,27.7
Mongolia,MNG,AS,2010,33.1,,1.1,49,25.7
Mongolia,MNG,AS,2011,33.9,,0.9,43.7,26.6
Mongolia,MNG,AS,2012,33.8,,0.5,34,26.2
Mongolia,MNG,AS,2014,32,,0.3,28.1,25.5
Mongolia,MNG,AS,2016,32.3,,0.7,41.9,25.6
Mongolia,MNG,AS,2018,32.7,,0.7,38.3,25.7
Mongolia,MNG,AS,2022,31.4,27.1,0.2,22.1,24.6
Montenegro,MNE,EU,2012,41.2,25.2,3,26.3,28.7
Montenegro,MNE,EU,2013,39,24.1,3,23.3,27.2
Montenegro,MNE,EU,2014,38.8,24.4,1.6,22.6,26.9
Montenegro,MNE,EU,2015,39,24,1.3,21.3,27.7
Montenegro,MNE,EU,2016,38.5,23.6,2.5,17.3,27.7
Montenegro,MNE,EU,2017,36.9,23.8,3.3,17.2,26
Montenegro,MNE,EU,2018,36.8,24.5,2.8,18.5,26
Montenegro,MNE,EU,2019,35.7,22.6,2,15.2,25.3
Montenegro,MNE,EU,2020,35.4,21.2,1.8,15.4,25.4
Montenegro,MNE,EU,2021,34.3,20.3,2,12.2,24.7
Morocco,MAR,AF,1984,36.5,,13.2,77.4,28.8
Morocco,MAR,AF,1990,39.2,,4.7,59.1,30.7
Morocco,MAR,AF,1998,39.4,,8.4,68.4,30.8
Morocco,MAR,AF,2000,40.6,15.3,7.9,68.2,32.1
Morocco,MAR,AF,2006,40.7,,4.2,59.2,33.1
Morocco,MAR,AF,2007,,8.9,,,
Morocco,MAR,AF,2013,39.5,4.8,1.4,42.1,31.9
Mozambique,MOZ,AF,1996,53.3,,82.7,97.2,43.7
Mozambique,MOZ,AF,2002,47,54.1,80.6,97.5,39.3
Mozambique,MOZ,AF,2008,45.5,54.7,70.8,97,36.8
Mozambique,MOZ,AF,2014,54,46.1,64.6,93.6,45.5
Mozambique,MOZ,AF,2019,50.3,,74.5,96.1,41.1
Namibia,NAM,AF,2003,63.3,37.7,35.9,78,54.8
Namibia,NAM,AF,2009,61,28.7,26.9,73.3,51.8
Namibia,NAM,AF,2015,59.1,17.4,15.6,57.3,47.2
Nepal,NPL,AS,1995,35.2,,55.2,96.6,29
Nepal,NPL,AS,2003,43.8,,40.3,89.7,36.9
Nepal,NPL,AS,2010,32.8,,8.2,80.4,26.4
Nepal,NPL,AS,2022,30,20.3,0.4,44.1,24.2
Netherlands,NLD,EU,1983,28.4,,0.5,3,22.2
Netherlands,NLD,EU,1987,26.8,,0.2,0.7,21.6
Netherlands,NLD,EU,1990,31.1,,1,1.7,24.1
Netherlands,NLD,EU,1993,30.4,,1.2,3,22.4
Netherlands,NLD,EU,1999,28.1,,0.2,0.7,21.4
Netherlands,NLD,EU,2004,29.8,,0.2,0.8,23.7
Netherlands,NLD,EU,2005,29,,0.1,0.5,23.4
Netherlands,NLD,EU,2006,30,,0,0.2,24.7
Netherlands,NLD,EU,2007,29.6,,0,0.4,24.1
Netherlands,NLD,EU,2008,29.3,,0.1,0.6,23.7
Netherlands,NLD,EU,2009,27.9,,0.1,0.4,22.4
Netherlands,NLD,EU,2010,27.8,,0,0.2,22.4
Netherlands,NLD,EU,2011,27.8,,0.1,0.4,22.6
Netherlands,NLD,EU,2012,27.6,,0.1,0.2,22.5
Netherlands,NLD,EU,2013,28.1,,0.1,0.3,22.8
Netherlands,NLD,EU,2014,28.6,,0.1,0.4,23.3
Netherlands,NLD,EU,2015,28.2,12.7,0.1,0.4,23
Netherlands,NLD,EU,2016,28.2,13.2,0,0.4,22.9
Netherlands,NLD,EU,2017,28.5,13.3,0.2,0.4,23.3
Netherlands,NLD,EU,2018,28.1,13.2,0.1,0.4,23
Netherlands,NLD,EU,2019,29.2,13.4,0.1,0.4,23.9
Netherlands,NLD,EU,2020,26,14.4,0,0.2,21.6
Netherlands,NLD,EU,2021,25.7,14.5,0.1,0.3,21.4
Nicaragua,NIC,NA,1993,57.1,,38.3,79.2,44.1
Nicaragua,NIC,NA,1998,54.4,,25.8,74.2,43.4
Nicaragua,NIC,NA,2001,52.9,45.8,17.8,69,42.9
Nicaragua,NIC,NA,2005,48.8,48.3,9.1,61,39.6
Nicaragua,NIC,NA,2009,43.9,42.5,8.3,57.1,34.2
Nicaragua,NIC,NA,2014,46.2,29.6,3.9,42.1,37.2
Nicaragua,NIC,NA,2016,,24.9,,,
Niger,NER,AF,1992,36,,84.4,99,29.6
Niger,NER,AF,1994,41.4,,85.5,99,32.4
Niger,NER,AF,2005,44.4,,80.5,98.1,36.2
Niger,NER,AF,2007,37.3,,78.9,97.9,31.3
Niger,NER,AF,2011,31.5,,60.6,97.7,26.4
Niger,NER,AF,2014,34.3,,53.6,96.7,27
Niger,NER,AF,2018,37.3,40.8,50.9,95,31.1
Niger,NER,AF,2021,32.9,45.5,50.6,96.3,27.8
Nigeria,NGA,AF,1985,38.7,,47.8,93.4,28.2
Nigeria,NGA,AF,1992,44.9,,52.4,92.4,31.3
Nigeria,NGA,AF,1996,51.9,,58.4,92.7,40.7
Nigeria,NGA,AF,2003,40.1,,47.9,94,29.8
Nigeria,NGA,AF,2010,35.7,,34.9,90.8,26.7
Nigeria,NGA,AF,2012,35.5,,33.8,90.5,26.6
Nigeria,NGA,AF,2015,35.9,,32.3,89.5,26.9
Nigeria,NGA,AF,2018,35.1,40.1,30.9,90.8,26.7
North Macedonia,MKD,EU,2009,42.8,27,9.8,40.8,30.7
North Macedonia,MKD,EU,2010,40.1,26.8,10.4,37.8,27.1
North Macedonia,MKD,EU,2011,39.4,26.2,9.1,37.2,26.9
North Macedonia,MKD,EU,2012,38.1,24.2,6.9,35.7,26.5
North Macedonia,MKD,EU,2013,36.2,22.1,5.2,34.1,25.4
North Macedonia,MKD,EU,2014,35.2,21.5,4.5,29.8,24.8
North Macedonia,MKD,EU,2015,35.6,21.9,5.5,28.8,24.8
North Macedonia,MKD,EU,2016,34.5,22.2,4.2,24.9,24.1
North Macedonia,MKD,EU,2017,34.2,21.9,4.5,23.1,23.7
North Macedonia,MKD,EU,2018,33,21.6,3.4,20.8,22.9
North Macedonia,MKD,EU,2019,33.5,21.8,2.7,19,22.9
Norway,NOR,EU,1979,26.9,,0.2,1.2,21.5
Norway,NOR,EU,1986,24.6,,0.2,0.5,20.2
Norway,NOR,EU,1991,25.2,,0.5,0.7,20.8
Norway,NOR,EU,1995,26,,0.5,0.7,21.3
Norway,NOR,EU,2000,27.4,,0.2,0.5,22.9
Norway,NOR,EU,2003,27.6,,0.2,0.4,23.3
Norway,NOR,EU,2004,31.6,,0.3,0.6,27.1
Norway,NOR,EU,2005,30.6,,0.2,0.5,26.3
Norway,NOR,EU,2006,26.4,,0.1,0.7,21.2
Norway,NOR,EU,2007,27.1,,0.1,0.5,22.2
Norway,NOR,EU,2008,27,,0.2,0.5,21.8
Norway,NOR,EU,2009,26.2,,0.1,0.3,21.3
Norway,NOR,EU,2010,25.7,,0.2,0.4,21
Norway,NOR,EU,2011,25.3,,0.1,0.3,20.5
Norway,NOR,EU,2012,25.7,,0.1,0.3,20.9
Norway,NOR,EU,2013,26.4,,0.1,0.4,21.3
Norway,NOR,EU,2014,26.8,,0.1,0.4,21.6
Norway,NOR,EU,2015,27.5,,0.2,0.4,22.2
Norway,NOR,EU,2016,28.5,,0.3,0.7,23.1
Norway,NOR,EU,2017,27,,0.3,0.6,21.6
Norway,NOR,EU,2018,27.6,,0.3,0.5,22.2
Norway,NOR,EU,2019,27.7,,0.2,0.5,22.4
Norway,NOR,EU,2020,,12.6,,,
Norway,NOR,EU,2021,,12.2,,,
Pakistan,PAK,AS,1987,33.3,,67.3,97.7,27.6
Pakistan,PAK,AS,1990,33.2,,65.1,98,27.1
Pakistan,PAK,AS,1996,28.7,,22.3,94.7,25.2
Pakistan,PAK,AS,1998,33.1,,29.8,93.4,28.5
Pakistan,PAK,AS,2001,28.7,64.3,33.3,96,24.9
Pakistan,PAK,AS,2004,30.9,51.7,20.2,92.2,26.3
Pakistan,PAK,AS,2005,31.3,50.4,20.3,92.4,27.1
Pakistan,PAK,AS,2007,29.7,44.1,14.9,91.4,25.7
Pakistan,PAK,AS,2010,28.8,36.8,9.4,90.4,25.1
Pakistan,PAK,AS,2011,29.7,36.3,9.6,89.1,25.8
Pakistan,PAK,AS,2013,29.5,29.5,7.4,86.5,25.3
Pakistan,PAK,AS,2015,31.3,24.3,5.1,83.8,27
Pakistan,PAK,AS,2018,29.6,21.9,4.9,84.5,25.5
Palau,PLW,OC,2006,,24.9,,,
Palestine,PS,AS,2004,34,,0.6,23.6,26.5
Palestine,PS,AS,2005,34.7,,0.2,21.5,26.7
Palestine,PS,AS,2006,34,,0.3,19.7,27
Palestine,PS,AS,2007,35.6,,1.4,27.7,27.6
Palestine,PS,AS,2009,34.5,,0.3,18.2,27.4
Palestine,PS,AS,2010,35.3,25.7,0,18.9,27.8
Palestine,PS,AS,2011,34.4,25.8,0.2,17.6,27.2
Palestine,PS,AS,2016,33.7,29.2,0.5,20.5,25.2
Panama,PAN,NA,1979,48.7,,6.2,39.7,36
Panama,PAN,NA,1989,58.6,,22.4,50.1,42.8
Panama,PAN,NA,1991,58,,20.1,48.1,42.5
Panama,PAN,NA,1995,57.7,,15.2,39.3,43.2
Panama,PAN,NA,1997,58.1,,14.2,39.1,44.1
Panama,PAN,NA,1998,57.4,,14.5,38.7,43.4
Panama,PAN,NA,1999,56.4,,12.3,36.5,42.5
Panama,PAN,NA,2000,56.6,37.9,11.1,35,43.2
Panama,PAN,NA,2001,56.7,,14,40,42.6
Panama,PAN,NA,2002,56.1,,9.6,37.1,43
Panama,PAN,NA,2003,55.7,,9.9,35.8,42.2
Panama,PAN,NA,2004,54.8,,8.7,34.7,41.2
Panama,PAN,NA,2005,53.8,36.6,8.6,34.5,40.2
Panama,PAN,NA,2006,54.6,38.3,9.4,33.9,41.1
Panama,PAN,NA,2007,52.7,36.5,6.7,30.5,39.7
Panama,PAN,NA,2008,52.7,33.8,4.1,23.2,40.7
Panama,PAN,NA,2009,51.8,33.4,2.5,23,40.1
Panama,PAN,NA,2010,51.6,29.8,3.4,21.7,39.6
Panama,PAN,NA,2011,51.3,27.6,2.5,18.3,39.7
Panama,PAN,NA,2012,51.7,26.5,3.5,18.8,39.7
Panama,PAN,NA,2013,51.5,25.8,2.2,18.2,39.6
Panama,PAN,NA,2014,50.5,25.6,2.9,16.8,38.5
Panama,PAN,NA,2015,50.8,23,1.5,15.4,39
Panama,PAN,NA,2016,50.4,22.1,1.5,14.5,37.8
Panama,PAN,NA,2017,49.9,20.7,2.1,14,37.7
Panama,PAN,NA,2018,49.2,21.4,1.4,12.5,37.1
Panama,PAN,NA,2019,49.8,21.5,1,12.1,38
Panama,PAN,NA,2021,50.9,21.8,1.1,12.9,39.3
Panama,PAN,NA,2023,48.9,,1.3,12.9,36.9
Papua New Guinea,PNG,OC,1996,45.8,,52.6,90.5,34.5
Papua New Guinea,PNG,OC,2009,41.9,39.9,39.7,90.2,31
Paraguay,PRY,SA,1990,40.8,,1.2,21.8,30.7
Paraguay,PRY,SA,1995,58.1,,12.4,43.6,46.1
Paraguay,PRY,SA,1997,54.9,,10.6,38,41.4
Paraguay,PRY,SA,1999,54.6,,10.2,41.4,42.1
Paraguay,PRY,SA,2001,54.6,,8.9,39.5,43.1
Paraguay,PRY,SA,2002,57.3,57.7,13.2,51.7,46.2
Paraguay,PRY,SA,2003,54.9,51.4,8.3,44.7,44.1
Paraguay,PRY,SA,2004,52.3,48.8,5.7,42.8,42
Paraguay,PRY,SA,2005,51.4,44.9,6.1,39.1,40.4
Paraguay,PRY,SA,2006,53,48.9,7.9,43.8,42.4
Paraguay,PRY,SA,2007,53,45.3,7.8,40.3,42.5
Paraguay,PRY,SA,2008,50.7,43.2,4.3,37.2,40.1
Paraguay,PRY,SA,2009,49.1,41.6,5.8,35.7,38
Paraguay,PRY,SA,2010,51,39,5.5,34.1,40.5
Paraguay,PRY,SA,2011,52.3,37,5,32.2,41.3
Paraguay,PRY,SA,2012,47.6,31.4,3.3,27,36.9
Paraguay,PRY,SA,2013,47.9,28,1.8,23.3,37.3
Paraguay,PRY,SA,2014,50.7,27.2,2.4,22.6,40.7
Paraguay,PRY,SA,2015,47.6,26.6,1.9,22.6,36.7
Paraguay,PRY,SA,2016,47.9,28.9,1.7,23.7,37.3
Paraguay,PRY,SA,2017,48.5,26.4,1,21,39.1
Paraguay,PRY,SA,2018,46,24.2,1.4,19.6,35.8
Paraguay,PRY,SA,2019,45.7,23.5,1,19.7,35.2
Paraguay,PRY,SA,2020,43.5,26.9,0.8,22.3,33.3
Paraguay,PRY,SA,2021,42.9,26.9,0.7,20.8,33.1
Paraguay,PRY,SA,2022,45.1,24.7,1.3,19.9,35.4
Peru,PER,SA,1997,53.3,,19.8,61.3,40.8
Peru,PER,SA,1998,55.1,,19.4,62.3,43.6
Peru,PER,SA,1999,54.8,,19.3,62.1,43.6
Peru,PER,SA,2000,49.1,,19.3,62.4,36.8
Peru,PER,SA,2001,51.3,,20.3,63.9,39.1
Peru,PER,SA,2002,53.6,,17.5,60.2,42.1
Peru,PER,SA,2003,53.1,,14.7,59.4,42.2
Peru,PER,SA,2004,49.9,58.7,16.3,59.8,37.9
Peru,PER,SA,2005,50.4,55.6,17.8,61.5,38.5
Peru,PER,SA,2006,50.3,49.2,15.6,55.9,38.2
Peru,PER,SA,2007,50,42.4,13.2,50.3,37.8
Peru,PER,SA,2008,47.5,37.3,10.9,46.4,35.4
Peru,PER,SA,2009,47,33.5,8.8,44.6,35.2
Peru,PER,SA,2010,45.5,30.8,6.8,40.5,34.2
Peru,PER,SA,2011,44.7,27.8,6.5,38.1,33.5
Peru,PER,SA,2012,44.4,25.8,6.1,35.3,33.3
Peru,PER,SA,2013,43.9,23.9,5.4,34.5,32.7
Peru,PER,SA,2014,43.1,22.7,4.8,33.4,32.1
Peru,PER,SA,2015,43.4,21.8,4.7,32.7,32.6
Peru,PER,SA,2016,43.6,20.7,4.6,31.8,32.6
Peru,PER,SA,2017,43.3,21.7,4.5,32.6,32.3
Peru,PER,SA,2018,42.4,20.5,3.6,30.3,31.6
Peru,PER,SA,2019,41.5,20.2,3,28.8,31.1
Peru,PER,SA,2020,43.7,30.1,5.8,42.8,32.9
Peru,PER,SA,2021,40.1,25.9,2.8,33.4,30.5
Peru,PER,SA,2022,40.3,27.5,2.7,32.2,30.7
Philippines,PHL,AS,2000,47.7,,14.5,68.8,37.7
Philippines,PHL,AS,2003,46.6,,13.6,68.1,36.6
Philippines,PHL,AS,2006,47.2,26.6,14.9,67.9,36.6
Philippines,PHL,AS,2009,46.3,26.3,11.3,66.1,36.3
Philippines,PHL,AS,2012,46.5,25.2,10.9,64.9,36.3
Philippines,PHL,AS,2015,44.6,23.5,6.5,60.1,34.9
Philippines,PHL,AS,2018,42.3,16.7,3,53.5,33.5
Philippines,PHL,AS,2021,40.7,18.1,3,55.3,32.5
Poland,POL,EU,2004,38,,2.2,16.2,28.2
Poland,POL,EU,2005,35.8,,0.9,12.5,26.8
Poland,POL,EU,2006,34.7,,0.7,9.2,26.4
Poland,POL,EU,2007,34,,0.5,5.7,26.4
Poland,POL,EU,2008,33.5,,0.2,4.5,26.1
Poland,POL,EU,2009,33.4,,0.4,4.3,25.8
Poland,POL,EU,2010,33.2,,0.3,4.1,25.8
Poland,POL,EU,2011,33.2,,0.3,4,25.5
Poland,POL,EU,2012,33,,0.2,4.3,25.3
Poland,POL,EU,2013,33.1,,0.4,3.9,25.4
Poland,POL,EU,2014,32.8,,0.4,3.8,25.1
Poland,POL,EU,2015,31.8,,0.4,3.4,24.2
Poland,POL,EU,2016,31.2,,0.2,2.4,24.6
Poland,POL,EU,2017,29.7,,0.3,1.7,23.5
Poland,POL,EU,2018,30.2,,0.2,1.4,24
Poland,POL,EU,2019,28.8,,0.1,0.8,23.1
Poland,POL,EU,2020,28.5,11.8,0.1,1.1,22.8
Poland,POL,EU,2021,28.5,12.2,0.1,0.9,22.8
Poland,POL,EU,2022,,11.8,,,
Portugal,PRT,EU,2003,38.8,20.4,0.9,4,30.2
Portugal,PRT,EU,2004,38.9,19.4,0.5,3.3,30.9
Portugal,PRT,EU,2005,38.5,18.5,0.5,3.3,30.6
Portugal,PRT,EU,2006,38.1,18.1,0.1,3,29.6
Portugal,PRT,EU,2007,36.8,18.5,0.3,2.2,28.8
Portugal,PRT,EU,2008,36.6,17.9,0.1,2.9,28.9
Portugal,PRT,EU,2009,34.9,17.9,0.2,2.3,27.5
Portugal,PRT,EU,2010,35.8,18,0.1,2.6,28.3
Portugal,PRT,EU,2011,36.3,17.9,0.5,3.7,28.7
Portugal,PRT,EU,2012,36,18.7,0.7,5.5,27.8
Portugal,PRT,EU,2013,36.2,19.5,0.9,5.4,27.5
Portugal,PRT,EU,2014,35.6,19.5,0.5,4.7,27.4
Portugal,PRT,EU,2015,35.5,19,0.5,3.6,27.3
Portugal,PRT,EU,2016,35.2,18.3,0.4,3.6,27.5
Portugal,PRT,EU,2017,33.8,17.3,0.4,2.3,26.7
Portugal,PRT,EU,2018,33.5,17.2,0.3,2.1,26.6
Portugal,PRT,EU,2019,32.8,16.2,0.1,1.5,26
Portugal,PRT,EU,2020,34.7,18.4,0.5,2.6,26.9
Portugal,PRT,EU,2021,34.6,16.4,0.2,1.7,27.5
Qatar,QAT,AS,2017,35.1,,0,0,25.8
Republic of the Congo,COG,AF,2005,47.3,50.7,49.6,89.8,36.8
Republic of the Congo,COG,AF,2011,48.9,40.9,35.4,83.5,37.9
Romania,ROU,EU,2006,39.6,24.6,7.4,42.2,29
Romania,ROU,EU,2007,37.5,23.6,5.3,36.2,27.4
Romania,ROU,EU,2008,36.4,22.1,4.1,29.4,26.5
Romania,ROU,EU,2009,35.6,21.6,3.1,27.7,25.7
Romania,ROU,EU,2010,35.5,22.3,4.2,29.6,25
Romania,ROU,EU,2011,35.9,22.9,5.4,33.5,24.9
Romania,ROU,EU,2012,36.5,23,6.2,33.6,25.4
Romania,ROU,EU,2013,36.9,25.1,6.6,32.8,25.4
Romania,ROU,EU,2014,36,25.4,7,29.7,24.5
Romania,ROU,EU,2015,35.9,25.3,5.3,27.4,24.8
Romania,ROU,EU,2016,34.4,23.6,3.2,21.8,23.7
Romania,ROU,EU,2017,36,23.5,3.3,16.3,24.9
Romania,ROU,EU,2018,35.8,23.8,2.7,13,24.9
Romania,ROU,EU,2019,34.8,23.4,2.2,10.9,24.5
Romania,ROU,EU,2020,34.6,22.5,1.4,10,24.2
Romania,ROU,EU,2021,33.9,21.2,1.8,7.1,24
Russia,RUS,EU,2000,,29,,,
Russia,RUS,EU,2002,,24.6,,,
Russia,RUS,EU,2003,,20.3,,,
Russia,RUS,EU,2004,,17.6,,,
Russia,RUS,EU,2005,,17.8,,,
Russia,RUS,EU,2006,,15.2,,,
Russia,RUS,EU,2007,,13.3,,,
Russia,RUS,EU,2008,,13.4,,,
Russia,RUS,EU,2009,,13,,,
Russia,RUS,EU,2010,,12.5,,,
Russia,RUS,EU,2011,,12.7,,,
Russia,RUS,EU,2012,,10.7,,,
Russia,RUS,EU,2013,,10.8,,,
Russia,RUS,EU,2014,36.9,11.3,0.3,2.9,27.5
Russia,RUS,EU,2015,36.5,13.4,0.3,3.4,26.8
Russia,RUS,EU,2016,36.7,13.2,0.3,3.5,27
Russia,RUS,EU,2017,35.5,12.9,0.3,3.3,26.2
Russia,RUS,EU,2018,35.3,12.6,0.1,2.6,26.3
Russia,RUS,EU,2019,35.7,12.3,0.2,2.7,26.9
Russia,RUS,EU,2020,33.7,12.1,0.1,1.7,25.7
Russia,RUS,EU,2021,35.1,11,0.2,2,26.6
Rwanda,RWA,AF,2000,48.5,,75.2,96,40.8
Rwanda,RWA,AF,2005,52,,66.1,93.9,43.9
Rwanda,RWA,AF,2010,47.2,,59.2,93.4,39.8
Rwanda,RWA,AF,2013,45.1,39.1,53.7,92.9,37.9
Rwanda,RWA,AF,2016,43.7,38.2,52,92.2,35.6
Saint Lucia,LCA,NA,2015,43.7,25,0.1,8.4,34.1
Samoa,WSM,OC,2002,40.7,,2.2,46.7,32.5
Samoa,WSM,OC,2008,42,26.9,1.1,44.3,34
Samoa,WSM,OC,2013,38.7,18.8,1.2,43.3,31.3
Samoa,WSM,OC,2018,,21.9,,,
Sao Tome and Principe,STP,AF,2000,32.1,,20.4,87,24.5
Sao Tome and Principe,STP,AF,2010,30.8,,22.6,90.3,24.2
Sao Tome and Principe,STP,AF,2017,40.7,55.5,15.7,79.7,32.8
Senegal,SEN,AF,1991,54,,70.1,95.2,42.7
Senegal,SEN,AF,1994,39.2,,60.3,96.3,31.5
Senegal,SEN,AF,2001,41.2,55.2,52.4,94.3,33.4
Senegal,SEN,AF,2005,39.2,48.3,41.1,91.9,30
Senegal,SEN,AF,2011,40.3,46.7,41,90.9,31
Senegal,SEN,AF,2018,38.3,,9.2,74.4,30.8
Senegal,SEN,AF,2021,36.2,,9.9,75.6,28.8
Serbia,SRB,EU,2012,39.9,24.5,5.3,25,28.6
Serbia,SRB,EU,2013,39.4,25,5.8,28.3,28.2
Serbia,SRB,EU,2014,40.4,26.7,6.9,28.2,28.6
Serbia,SRB,EU,2015,40.5,25.9,6.6,27.2,29.2
Serbia,SRB,EU,2016,38.8,25.7,6.4,24.6,27.3
Serbia,SRB,EU,2017,36.1,24.3,5.4,21.7,25.5
Serbia,SRB,EU,2018,35,23.2,2.9,17.2,25.4
Serbia,SRB,EU,2019,34.5,21.7,2.3,12,26
Serbia,SRB,EU,2020,35,21.2,1.6,10.1,27.1
Serbia,SRB,EU,2021,33.1,20,1.2,7.5,25.9
Seychelles,SYC,AF,2013,46.8,39.3,1.2,9.7,39.9
Seychelles,SYC,AF,2018,32.1,25.3,0.5,6.7,23.9
Sierra Leone,SLE,AF,2003,40.2,,61.3,94.8,31.9
Sierra Leone,SLE,AF,2011,34,62.4,38.7,93.4,26.9
Sierra Leone,SLE,AF,2018,35.7,56.8,26.1,89.9,29.4
Slovakia,SVK,EU,2004,27.1,13.3,0.1,8.3,22.1
Slovakia,SVK,EU,2005,29.3,11.6,0.2,5.2,24.9
Slovakia,SVK,EU,2006,25.8,10.6,0.2,3.5,21.8
Slovakia,SVK,EU,2007,24.7,10.9,0.4,3.2,20.8
Slovakia,SVK,EU,2008,26,11,0.4,3.9,21.4
Slovakia,SVK,EU,2009,27.2,12,0.4,3.9,21.8
Slovakia,SVK,EU,2010,27.3,13,0.5,3.4,21.9
Slovakia,SVK,EU,2011,26.5,13.2,0.4,3,21
Slovakia,SVK,EU,2012,26.1,12.8,0.4,4.5,20.5
Slovakia,SVK,EU,2013,28.1,12.6,0.3,4.1,22.2
Slovakia,SVK,EU,2014,26.1,12.3,0.7,4.8,20.3
Slovakia,SVK,EU,2015,26.5,12.7,0.7,4.3,20.9
Slovakia,SVK,EU,2016,25.2,12.4,1.4,4.3,19.9
Slovakia,SVK,EU,2017,23.2,12.2,0.2,2.7,18.4
Slovakia,SVK,EU,2018,25,11.9,0.2,3.4,19.6
Slovakia,SVK,EU,2019,23.2,11.4,0.1,2,18.8
Slovakia,SVK,EU,2020,24.2,12.3,0.2,1.9,19
Slovakia,SVK,EU,2021,24.1,13.7,0.1,2.4,19.1
Slovenia,SVN,EU,2004,24.8,12.2,0,0.5,20.6
Slovenia,SVN,EU,2005,24.6,11.6,0.1,0.5,20.6
Slovenia,SVN,EU,2006,24.4,11.5,0.1,0.4,20.3
Slovenia,SVN,EU,2007,24.4,12.3,0,0.2,20.4
Slovenia,SVN,EU,2008,23.7,11.3,0,0.1,20.1
Slovenia,SVN,EU,2009,24.8,12.7,0,0.2,20.6
Slovenia,SVN,EU,2010,24.9,13.6,0,0.1,20.7
Slovenia,SVN,EU,2011,24.9,13.5,0,0.3,20.8
Slovenia,SVN,EU,2012,25.6,14.5,0,0.3,21.1
Slovenia,SVN,EU,2013,26.2,14.5,0,0.4,21.4
Slovenia,SVN,EU,2014,25.7,14.3,0,0.3,21.2
Slovenia,SVN,EU,2015,25.4,13.9,0,0.3,21
Slovenia,SVN,EU,2016,24.8,13.3,0,0.2,20.6
Slovenia,SVN,EU,2017,24.2,13.3,0,0.1,20.4
Slovenia,SVN,EU,2018,24.6,12,0,0.1,21
Slovenia,SVN,EU,2019,24.4,12.4,0,0.1,20.7
Slovenia,SVN,EU,2020,24,11.7,0,0,20.5
Slovenia,SVN,EU,2021,24.3,12.1,0,0.1,20.6
Slovenia,SVN,EU,2022,,12.7,,,
Solomon Islands,SLB,OC,2005,46.1,22.7,50.6,91,35.7
Solomon Islands,SLB,OC,2012,37.1,12.7,26.6,88.5,29.2
Somalia,SOM,AF,2022,,54.4,,,
South Africa,ZAF,AF,1993,59.3,,33.5,71.1,46.7
South Africa,ZAF,AF,2000,57.8,,36.8,74.3,44.9
South Africa,ZAF,AF,2005,64.8,66.6,28.3,71.8,54.2
South Africa,ZAF,AF,2008,63,62.1,18.7,62.4,51.3
South Africa,ZAF,AF,2010,63.4,53.2,18,60.9,51.3
South Africa,ZAF,AF,2014,63,55.5,20.5,61.6,50.5
South Korea,KOR,AS,2006,31.7,,0.2,2,23.6
South Korea,KOR,AS,2008,32.3,,0.2,1.7,24
South Korea,KOR,AS,2010,32,,0.5,2.2,23.8
South Korea,KOR,AS,2012,31.6,,0.2,1.7,23.4
South Korea,KOR,AS,2014,31.2,,0.2,1.5,23.2
South Korea,KOR,AS,2016,35.2,,0.2,1,26
South Korea,KOR,AS,2017,34.9,,0.2,1,25.6
South Korea,KOR,AS,2018,33.7,,0.2,0.7,24.8
South Korea,KOR,AS,2019,33.2,,0,0.5,24.7
South Korea,KOR,AS,2020,32.7,,0,0.5,24.8
South Korea,KOR,AS,2021,32.9,,0,0.5,24.6
Spain,ESP,EU,1980,34.5,,0.5,7.2,25.9
Spain,ESP,EU,1985,34.4,,0.2,7.2,26.4
Spain,ESP,EU,1990,32,,0.5,3,24.5
Spain,ESP,EU,1993,35.7,,1.2,4.5,26.2
Spain,ESP,EU,1994,35.1,,1,4.5,25.6
Spain,ESP,EU,1995,35.7,,1.5,4.7,26.5
Spain,ESP,EU,1996,36.5,,1.5,5.7,26.3
Spain,ESP,EU,1997,35.3,,1,4.5,25.9
Spain,ESP,EU,1998,34.6,,1,3,25.5
Spain,ESP,EU,1999,33.8,,0.7,2.5,25.4
Spain,ESP,EU,2000,34.1,,0.7,2.4,25.4
Spain,ESP,EU,2003,31.8,20.1,0.8,2.2,24
Spain,ESP,EU,2004,33.3,20.1,0.8,2.4,24.8
Spain,ESP,EU,2005,32.4,20.3,0.7,2.6,24.3
Spain,ESP,EU,2006,33.5,19.7,0.8,2.6,24.9
Spain,ESP,EU,2007,34.1,19.8,0.4,1.6,25.6
Spain,ESP,EU,2008,34.2,20.4,0.5,1.9,25.6
Spain,ESP,EU,2009,34.9,20.7,0.8,2.3,25.9
Spain,ESP,EU,2010,35.2,20.6,0.7,2.7,26
Spain,ESP,EU,2011,35.7,20.8,1.1,3,25.9
Spain,ESP,EU,2012,35.4,20.4,0.9,3.4,25.8
Spain,ESP,EU,2013,36.2,22.2,1.1,3.8,25.9
Spain,ESP,EU,2014,36.1,22.1,0.8,3.3,26
Spain,ESP,EU,2015,36.2,22.3,0.9,3.5,26.2
Spain,ESP,EU,2016,35.8,21.6,1.1,3.5,25.8
Spain,ESP,EU,2017,34.7,21.5,0.7,2.5,25.4
Spain,ESP,EU,2018,34.7,20.7,0.8,2.7,25.3
Spain,ESP,EU,2019,34.3,21,0.8,2.8,24.9
Spain,ESP,EU,2020,34.9,21.7,0.9,3.1,25
Spain,ESP,EU,2021,33.9,20.4,0.6,1.9,24.7
Spain,ESP,EU,2022,,20.2,,,
Sri Lanka,LKA,AS,1985,32.5,,17.2,87.6,26.4
Sri Lanka,LKA,AS,1990,32.4,,11.6,87.2,27.5
Sri Lanka,LKA,AS,1995,35.4,,11.8,82.5,29
Sri Lanka,LKA,AS,2002,40.2,46.8,11,76.8,32.7
Sri Lanka,LKA,AS,2006,39.7,34.1,5.6,69.4,32.3
Sri Lanka,LKA,AS,2009,36.1,28.4,3.5,67.4,29.6
Sri Lanka,LKA,AS,2012,38.7,22.5,2.6,61.5,31.9
Sri Lanka,LKA,AS,2016,39.3,16,1.3,52.8,32.6
Sri Lanka,LKA,AS,2019,37.7,14.3,1,49.3,30.8
Sudan,SDN,AF,2009,35.4,46.5,18.6,82.8,26.7
Sudan,SDN,AF,2014,34.2,,15.3,86.2,27.8
Suriname,SUR,SA,2022,39.2,,1.1,17.5,30.1
Swaziland,SWZ,AF,1994,58.6,,85.4,97.8,48.5
Swaziland,SWZ,AF,2000,53.1,69,56.1,89.5,44.1
Swaziland,SWZ,AF,2009,51.4,63,49.3,87.2,40
Swaziland,SWZ,AF,2016,54.6,58.9,36.1,78.1,42.7
Sweden,SWE,EU,1975,24.3,,0.5,1,19.1
Sweden,SWE,EU,1981,22.9,,0.2,1.2,17.9
Sweden,SWE,EU,1987,23.1,,0.2,0.7,18.6
Sweden,SWE,EU,1992,24.9,,0.2,1,19.7
Sweden,SWE,EU,1995,25.2,,0.2,1.5,19.7
Sweden,SWE,EU,2000,27,,0,0.5,21.8
Sweden,SWE,EU,2001,26.5,,0.2,0.5,21.5
Sweden,SWE,EU,2002,26.2,,0,0.5,20.9
Sweden,SWE,EU,2003,25.3,,0.3,1,20.1
Sweden,SWE,EU,2004,26.1,,0.4,1,21.1
Sweden,SWE,EU,2005,26.8,,1.1,1.8,21.1
Sweden,SWE,EU,2006,26.4,,0.4,1,21.1
Sweden,SWE,EU,2007,27.1,13.5,0.4,0.9,21.6
Sweden,SWE,EU,2008,28.1,14.4,0.6,1,22.4
Sweden,SWE,EU,2009,27.3,14.8,0.5,1.1,21.4
Sweden,SWE,EU,2010,27.7,15.4,0.5,1.3,21.8
Sweden,SWE,EU,2011,27.6,15.2,0.6,1.4,21.6
Sweden,SWE,EU,2012,27.6,16,0.5,1.2,21.6
Sweden,SWE,EU,2013,28.8,15.6,0.7,1.3,22.2
Sweden,SWE,EU,2014,28.4,16.3,0.5,1.1,22.2
Sweden,SWE,EU,2015,29.2,16.2,0.6,1.1,22.9
Sweden,SWE,EU,2016,29.6,15.8,0.3,0.9,23.3
Sweden,SWE,EU,2017,28.8,16.4,0.2,0.8,22.3
Sweden,SWE,EU,2018,30,17.1,0.7,1.4,22.9
Sweden,SWE,EU,2019,29.3,16.1,0.3,0.9,22.7
Sweden,SWE,EU,2020,28.9,15.7,0.4,0.9,22.4
Sweden,SWE,EU,2021,29.8,16,0.6,1.4,22.7
Sweden,SWE,EU,2022,,16.1,,,
Switzerland,CHE,EU,1982,36,,0.7,1,28.2
Switzerland,CHE,EU,1992,33.9,,0.5,1.2,26
Switzerland,CHE,EU,2000,33.4,,0,0.5,25.5
Switzerland,CHE,EU,2002,31.7,,0,0.2,23.7
Switzerland,CHE,EU,2004,31.6,,0,0.5,23.6
Switzerland,CHE,EU,2006,33.9,15,0,0.4,26
Switzerland,CHE,EU,2007,34.3,15.7,0,0.4,26.7
Switzerland,CHE,EU,2008,33.8,15.6,0.1,0.3,26.3
Switzerland,CHE,EU,2009,32.9,15,0,0.2,25.6
Switzerland,CHE,EU,2010,32.6,15,0,0.4,25.4
Switzerland,CHE,EU,2011,31.7,15.9,0,0.1,24.6
Switzerland,CHE,EU,2012,31.6,14.5,0,0,25
Switzerland,CHE,EU,2013,32.5,13.8,0,0.1,25.5
Switzerland,CHE,EU,2014,32.5,15.6,0,0.1,25.5
Switzerland,CHE,EU,2015,32.3,14.7,0,0.1,25.2
Switzerland,CHE,EU,2016,33,15.5,0,0.1,25.8
Switzerland,CHE,EU,2017,32.7,14.6,0,0.1,25.5
Switzerland,CHE,EU,2018,33.1,16,0,0.2,25.8
Switzerland,CHE,EU,2019,34,15.5,0,0.2,26.6
Switzerland,CHE,EU,2020,33.7,14.7,0,0.1,26.4
Switzerland,CHE,EU,2021,,15.8,,,
Syria,SYR,AS,1996,35.2,,2.4,61.7,28.6
Syria,SYR,AS,2003,37.5,30.1,1.1,48.6,29.9
Syria,SYR,AS,2006,40.1,,1.8,46.8,30.9
Syria,SYR,AS,2007,,35.2,,,
Syria,SYR,AS,2009,40.4,,1.2,47.7,31.6
Syria,SYR,AS,2022,26.6,,24.8,96,21.1
Tajikistan,TJK,AS,1999,29.5,,62,99.2,23.3
Tajikistan,TJK,AS,2003,32.7,,36.7,94.8,25.6
Tajikistan,TJK,AS,2004,33.6,,21.4,87.7,26.5
Tajikistan,TJK,AS,2007,32.2,,12.8,85,25.1
Tajikistan,TJK,AS,2009,30.8,,6.8,76.3,24.1
Tajikistan,TJK,AS,2015,34,,6.1,66.4,26.4
Tajikistan,TJK,AS,2021,,23.2,,,
Tajikistan,TJK,AS,2022,,22.5,,,
Tanzania,TZA,AF,1991,35.3,,69.3,98.3,27.1
Tanzania,TZA,AF,2000,37.3,35.6,84,99.4,28.9
Tanzania,TZA,AF,2007,40.3,34.4,56.2,95.3,31.9
Tanzania,TZA,AF,2011,37.8,28.2,44.7,93.7,30.9
Tanzania,TZA,AF,2018,40.5,26.4,44.9,92.3,33.1
Thailand,THA,AS,1981,45.2,,22.7,76.9,35.5
Thailand,THA,AS,1988,43.8,,17.6,76.2,35.3
Thailand,THA,AS,1990,45.3,,12.3,72.6,36.1
Thailand,THA,AS,1992,47.9,,9,66.1,38.6
Thailand,THA,AS,1994,43.5,,4.5,60.4,34.9
Thailand,THA,AS,1996,42.9,,3.1,56.1,34.3
Thailand,THA,AS,1998,41.5,,2.2,54.1,32.3
Thailand,THA,AS,1999,43.1,,4,58.3,34
Thailand,THA,AS,2000,42.8,42.3,4,59,33.7
Thailand,THA,AS,2002,41.9,32.4,1.8,50.8,33.2
Thailand,THA,AS,2004,42.5,26.8,1.2,44.3,33.8
Thailand,THA,AS,2006,41.8,21.9,0.9,36.9,32.5
Thailand,THA,AS,2007,39.8,20,0.5,34.8,30.8
Thailand,THA,AS,2008,40.3,20.4,0.3,32.7,31.1
Thailand,THA,AS,2009,39.6,17.9,0.2,29.8,30.6
Thailand,THA,AS,2010,39.4,16.4,0.3,27.4,30.7
Thailand,THA,AS,2011,37.5,13.2,0.1,22.9,29.9
Thailand,THA,AS,2012,39.3,12.6,0.1,22.5,30.4
Thailand,THA,AS,2013,37.8,10.9,0.1,19.5,29.2
Thailand,THA,AS,2014,37,10.5,0.1,18.7,28.7
Thailand,THA,AS,2015,36,7.2,0,14.6,28.4
Thailand,THA,AS,2016,36.9,8.6,0,15.7,28.9
Thailand,THA,AS,2017,36.4,7.9,0,15.1,28.3
Thailand,THA,AS,2018,36.4,9.9,0,15.6,28.1
Thailand,THA,AS,2019,34.9,6.2,0.1,13.1,27.2
Thailand,THA,AS,2020,35,6.8,0,13.2,27
Thailand,THA,AS,2021,34.9,6.3,0,12.2,27.1
Togo,TGO,AF,2006,42.2,,61,94.7,32.6
Togo,TGO,AF,2011,46,,58.9,93.5,34.5
Togo,TGO,AF,2015,43,,54.7,94.2,31.5
Togo,TGO,AF,2018,42.5,45.5,28.4,84,33
Togo,TGO,AF,2021,37.9,,26.6,86.8,29.6
Tonga,TON,OC,2000,37.7,,3.1,34.1,28.2
Tonga,TON,OC,2009,37.5,,1.3,39.5,28.9
Tonga,TON,OC,2015,33.5,,1.8,47.9,26.8
Tonga,TON,OC,2021,27.1,20.6,0,21.5,22
Trinidad and Tobago,TTO,NA,1988,42.6,,0,20.3,31.1
Trinidad and Tobago,TTO,NA,1992,40.2,,1.3,30.2,29.9
Tunisia,TUN,AF,1985,43.4,,13,67.3,34.1
Tunisia,TUN,AF,1990,40.1,,9.3,60.4,30.6
Tunisia,TUN,AF,1995,41.7,,9.8,60.7,31.7
Tunisia,TUN,AF,2000,40.8,25.4,4.3,51.2,31.6
Tunisia,TUN,AF,2005,37.7,23.1,2.6,42.1,29.1
Tunisia,TUN,AF,2010,35.8,20.5,1.5,31.1,27
Tunisia,TUN,AF,2015,32.8,15.2,0.1,17.9,25.6
Tunisia,TUN,AF,2021,33.7,16.6,0.3,16.2,27
Turkey,TUR,EU,2017,43.5,,0.3,10.3,34
Turkey,TUR,EU,2018,42.4,,0.4,9.6,32.6
Turkey,TUR,EU,2019,43.8,,0.5,10.1,33.9
Turkey,TUR,EU,2020,43,,0.5,9.8,33
Turkey,TUR,EU,2021,44.4,14.4,0.4,7.6,34.7
Turkmenistan,TKM,AS,1998,40.8,,43.1,91.3,31.5
Tuvalu,TUV,OC,2010,39.1,26.3,3.6,56.6,30.8
Uganda,UGA,AF,1989,44.4,,58.7,94.7,33.7
Uganda,UGA,AF,1992,41.4,,65.1,96.7,33.5
Uganda,UGA,AF,1996,39,,63.9,96.2,31.3
Uganda,UGA,AF,1999,43,,67.9,96.2,34.9
Uganda,UGA,AF,2002,45.2,38.8,66,95.2,37.5
Uganda,UGA,AF,2005,42.9,31.1,57.3,94.2,34.5
Uganda,UGA,AF,2009,44.2,24.5,45.9,91.1,36.4
Uganda,UGA,AF,2012,41,19.7,37.5,89.5,32.9
Uganda,UGA,AF,2016,42.8,21.4,42.9,90,34.2
Uganda,UGA,AF,2019,42.7,20.3,42.1,91.1,34.5
Ukraine,UKR,EU,1992,29.7,,3.9,56.2,22.8
Ukraine,UKR,EU,1993,28.9,,1.9,57.5,23.2
Ukraine,UKR,EU,1995,39.2,,7.9,60.2,30.5
Ukraine,UKR,EU,1996,35.2,,7.2,69.4,27.5
Ukraine,UKR,EU,2002,29,,2.7,61.9,23.2
Ukraine,UKR,EU,2003,28.7,,1.1,54.1,23.3
Ukraine,UKR,EU,2004,28.9,,0.9,43.9,23.1
Ukraine,UKR,EU,2005,29,,0.4,31,23.2
Ukraine,UKR,EU,2006,29.8,,0.2,26.6,24.1
Ukraine,UKR,EU,2007,27,,0.1,26.4,22
Ukraine,UKR,EU,2008,26.6,,0,16.7,21.9
Ukraine,UKR,EU,2009,25.3,,0.1,19.3,21.1
Ukraine,UKR,EU,2010,24.8,,0,15.2,21
Ukraine,UKR,EU,2011,24.6,,0,12.4,20.7
Ukraine,UKR,EU,2012,24.7,,0.1,11,20.8
Ukraine,UKR,EU,2013,24.6,,0,8.4,21.1
Ukraine,UKR,EU,2014,24,,0,9,20.6
Ukraine,UKR,EU,2015,25.5,,0.1,15,21.6
Ukraine,UKR,EU,2016,25,,0.1,15.4,21.2
Ukraine,UKR,EU,2017,26,,0,10.8,21.7
Ukraine,UKR,EU,2018,26.1,,0,9.4,22
Ukraine,UKR,EU,2019,26.6,,0,7.1,22.3
Ukraine,UKR,EU,2020,25.6,1.6,0,7.1,21.7
United Arab Emirates,ARE,AS,2013,32.5,,0,0,21.4
United Arab Emirates,ARE,AS,2018,26.4,,0,0.4,20.5
United Kingdom,GBR,EU,1968,26.8,,0.2,1,21.9
United Kingdom,GBR,EU,1969,27.9,,0.2,1.2,22.7
United Kingdom,GBR,EU,1970,28,,0,1.2,22.7
United Kingdom,GBR,EU,1971,29.3,,0,1.5,23.4
United Kingdom,GBR,EU,1972,28.8,,0.2,2,22.5
United Kingdom,GBR,EU,1973,28.8,,0,0.7,22.9
United Kingdom,GBR,EU,1974,29,,0.2,1.2,23.1
United Kingdom,GBR,EU,1975,27.9,,0.2,1.2,22.2
United Kingdom,GBR,EU,1976,27.6,,0,0.7,21.8
United Kingdom,GBR,EU,1977,27.1,,0.2,1.2,21.6
United Kingdom,GBR,EU,1978,27.2,,0,0.7,21.5
United Kingdom,GBR,EU,1979,27.4,,0,0.7,21.6
United Kingdom,GBR,EU,1980,28.5,,0,1,22.5
United Kingdom,GBR,EU,1981,29.7,,0,1,23.3
United Kingdom,GBR,EU,1982,29.9,,0,0.5,23.3
United Kingdom,GBR,EU,1983,29.8,,0,0.5,23.2
United Kingdom,GBR,EU,1984,29.2,,0,0.7,22.8
United Kingdom,GBR,EU,1985,30.4,,0.2,0.7,23.4
United Kingdom,GBR,EU,1986,31.9,,0.2,1,24.9
United Kingdom,GBR,EU,1987,33.9,,0,0.5,26.3
United Kingdom,GBR,EU,1988,34.3,,0,0.5,26.5
United Kingdom,GBR,EU,1989,33.4,,0.2,0.7,25.2
United Kingdom,GBR,EU,1990,35.7,,0,0.7,27.1
United Kingdom,GBR,EU,1991,35,,0,0.7,26.3
United Kingdom,GBR,EU,1992,35,,0.2,1,26.1
United Kingdom,GBR,EU,1993,35.1,,0.2,1,26.4
United Kingdom,GBR,EU,1994,36,,0.2,1,27.4
United Kingdom,GBR,EU,1995,35.5,,0.2,1,26.9
United Kingdom,GBR,EU,1996,35.3,,0.2,0.7,26.8
United Kingdom,GBR,EU,1997,35.7,,0.2,0.7,27.2
United Kingdom,GBR,EU,1998,36.6,,0.2,0.7,28.1
United Kingdom,GBR,EU,1999,36.8,,0.2,0.7,28.3
United Kingdom,GBR,EU,2000,38.8,,0.2,0.7,30.8
United Kingdom,GBR,EU,2001,37.1,,0.2,0.7,28.9
United Kingdom,GBR,EU,2002,35.1,,0.2,0.7,27.3
United Kingdom,GBR,EU,2003,34.9,,0.2,0.7,26.9
United Kingdom,GBR,EU,2004,34.8,,0.2,0.5,26.9
United Kingdom,GBR,EU,2005,35.5,,0.2,0.7,27.4
United Kingdom,GBR,EU,2006,35.9,,0.2,0.7,27.9
United Kingdom,GBR,EU,2007,34.4,,0.2,0.7,26.1
United Kingdom,GBR,EU,2008,35.4,,0.2,0.7,27.2
United Kingdom,GBR,EU,2009,35.1,,0.2,0.7,27
United Kingdom,GBR,EU,2010,33.7,,0.2,0.7,26
United Kingdom,GBR,EU,2011,33.2,,0.2,0.7,25.5
United Kingdom,GBR,EU,2012,33.1,,0.2,0.7,25.3
United Kingdom,GBR,EU,2013,32.7,,0.2,0.5,24.9
United Kingdom,GBR,EU,2014,33.1,,0.2,0.5,25.2
United Kingdom,GBR,EU,2015,33.3,,0.2,0.7,25.3
United Kingdom,GBR,EU,2016,33.1,17,0.2,0.7,25.1
United Kingdom,GBR,EU,2017,32.6,18.6,0.2,0.7,24.5
United Kingdom,GBR,EU,2018,33.7,,0.5,0.7,25.4
United Kingdom,GBR,EU,2019,32.8,,0.5,0.7,24.7
United Kingdom,GBR,EU,2020,32.6,,0.5,0.7,24.6
United Kingdom,GBR,EU,2021,32.4,,0.2,0.7,24.6
Uruguay,URY,SA,1981,43.6,,0,17.3,33.3
Uruguay,URY,SA,1989,42.4,,0.7,13.6,32.2
Uruguay,URY,SA,1992,41.5,,0.6,11.1,31.4
Uruguay,URY,SA,1995,40.9,,0.5,11,30.5
Uruguay,URY,SA,1996,40.8,,0.6,11.6,30.4
Uruguay,URY,SA,1997,41.5,,0.6,11.9,31.2
Uruguay,URY,SA,1998,42.5,,0.6,11.8,31.7
Uruguay,URY,SA,2000,42.9,,0.7,12.5,32.2
Uruguay,URY,SA,2001,45,,0.5,14.1,33.7
Uruguay,URY,SA,2002,45.5,,0.6,18.5,34.2
Uruguay,URY,SA,2003,45,,0.8,24.5,34.3
Uruguay,URY,SA,2004,45.9,,1,25.1,34.7
Uruguay,URY,SA,2005,44.7,,0.9,22.7,33.6
Uruguay,URY,SA,2006,45.9,,0.6,22.3,35
Uruguay,URY,SA,2007,46.4,,0.4,19.6,35.4
Uruguay,URY,SA,2008,45.1,,0.2,14.7,34.3
Uruguay,URY,SA,2009,45.5,,0.3,13.6,34.6
Uruguay,URY,SA,2010,44.5,,0.2,12,33.6
Uruguay,URY,SA,2011,42.2,,0.1,8.5,31.6
Uruguay,URY,SA,2012,39.9,,0.2,7.8,29.2
Uruguay,URY,SA,2013,40.5,,0.2,7.4,30.1
Uruguay,URY,SA,2014,40.1,,0.2,6.3,29.8
Uruguay,URY,SA,2015,40.1,,0.1,6,29.8
Uruguay,URY,SA,2016,39.7,,0.1,5.6,29.6
Uruguay,URY,SA,2017,39.5,,0.1,4.6,29.6
Uruguay,URY,SA,2018,39.7,,0.1,4.9,29.7
Uruguay,URY,SA,2019,39.7,,0.1,5.1,29.7
Uruguay,URY,SA,2020,40.2,,0.2,7.2,29.9
Uruguay,URY,SA,2021,40.8,,0.1,6.7,30.8
Uruguay,URY,SA,2022,40.6,9.9,0.2,6.4,30.5
USA,USA,NA,1963,37.6,,1.2,4.7,26.9
USA,USA,NA,1964,38.1,,1.2,4.2,27.4
USA,USA,NA,1965,37.5,,1,3.7,26.7
USA,USA,NA,1966,37.8,,1,4,26.8
USA,USA,NA,1967,36.9,,1,3.2,26.3
USA,USA,NA,1968,36.3,,0.7,2.7,26.1
USA,USA,NA,1969,36,,0.5,2.5,25.9
USA,USA,NA,1970,36.6,,1,3,26.2
USA,USA,NA,1971,36.9,,0.7,2.5,26.5
USA,USA,NA,1972,36.7,,0.7,2.5,26.1
USA,USA,NA,1973,36.1,,0.7,2.2,25.8
USA,USA,NA,1974,35.5,,0.7,2.5,25.3
USA,USA,NA,1975,35.6,,0.5,2.5,25.4
USA,USA,NA,1976,35.6,,0.5,2,25.3
USA,USA,NA,1977,35.5,,0.5,2,25.5
USA,USA,NA,1978,34.8,,0.5,2.2,24.8
USA,USA,NA,1979,34.8,,0.5,1.5,24.9
USA,USA,NA,1980,34.7,,0.5,1.5,24.8
USA,USA,NA,1981,35.5,,0.5,1.5,25.3
USA,USA,NA,1982,36.7,,0.7,2,25.9
USA,USA,NA,1983,37.3,,0.5,2,26.1
USA,USA,NA,1984,37.3,,0.5,1.7,26.2
USA,USA,NA,1985,37.6,,0.5,1.7,26.5
USA,USA,NA,1986,37.6,,0.5,1.7,26.3
USA,USA,NA,1987,37.2,,0.5,1.5,26.1
USA,USA,NA,1988,37.7,,0.5,1.5,26.7
USA,USA,NA,1989,38.2,,0.5,1.2,27.3
USA,USA,NA,1990,38.3,,0.5,1.5,27.2
USA,USA,NA,1991,38,,0.5,1.5,27.1
USA,USA,NA,1992,38.4,,0.5,1.7,27.3
USA,USA,NA,1993,40.4,,0.5,1.7,29.2
USA,USA,NA,1994,40,,0.5,1.7,29.2
USA,USA,NA,1995,39.9,,0.5,1.5,29.3
USA,USA,NA,1996,40.3,,0.7,1.5,29.6
USA,USA,NA,1997,40.5,,0.7,1.5,29.9
USA,USA,NA,1998,40,,0.7,1.5,29.3
USA,USA,NA,1999,40,,0.7,1.5,29.4
USA,USA,NA,2000,40.1,,0.7,1.5,29.8
USA,USA,NA,2001,40.6,,0.7,1.7,30.2
USA,USA,NA,2002,40.4,,0.7,1.7,29.7
USA,USA,NA,2003,40.8,,1,2,29.8
USA,USA,NA,2004,40.3,,1,2,29.7
USA,USA,NA,2005,41,,1,1.7,30.4
USA,USA,NA,2006,41.4,,1,2,30.7
USA,USA,NA,2007,40.8,,1,1.7,30
USA,USA,NA,2008,40.8,,1,2,29.9
USA,USA,NA,2009,40.6,,1,1.7,29.9
USA,USA,NA,2010,40,,1,2,28.8
USA,USA,NA,2011,40.9,,1,2,29.7
USA,USA,NA,2012,40.9,,1,2,29.8
USA,USA,NA,2013,40.6,,1,2,29.6
USA,USA,NA,2014,41.5,,1.2,2,30.2
USA,USA,NA,2015,41.2,,1.2,2.2,30.1
USA,USA,NA,2016,41.1,,1,2,30
USA,USA,NA,2017,41.2,,1.2,2,29.8
USA,USA,NA,2018,41.4,,1,1.7,30.3
USA,USA,NA,2019,41.5,,1,1.7,30.3
USA,USA,NA,2020,39.7,,0.2,1.2,29.1
USA,USA,NA,2021,39.7,,0.2,1,29.7
USA,USA,NA,2022,41.3,,1.2,2,30.2
Uzbekistan,UZB,AS,1998,44.3,,58.8,95.5,32.5
Uzbekistan,UZB,AS,2000,36,,81.3,99,28.5
Uzbekistan,UZB,AS,2002,33,,80.5,99.1,27.4
Uzbekistan,UZB,AS,2003,35.3,,81.5,99.1,28.3
Uzbekistan,UZB,AS,2021,,17,,,
Uzbekistan,UZB,AS,2022,31.2,14.1,2.3,17.3,23.2
Uzbekistan,UZB,AS,2023,,11,,,
Vanuatu,VUT,OC,2010,37.4,,14.7,78.4,29.1
Vanuatu,VUT,OC,2019,32.3,15.9,10,76.1,24.7
Venezuela,VEN,SA,1981,55.6,,6.7,38.9,43.4
Venezuela,VEN,SA,1987,53.4,,7,41.9,40.8
Venezuela,VEN,SA,1989,43.8,,5.3,32.6,32.5
Venezuela,VEN,SA,1992,42.1,,4.5,35,31.6
Venezuela,VEN,SA,1995,47.2,,9.9,51.2,35.6
Venezuela,VEN,SA,1998,48,,10.4,48.3,35.8
Venezuela,VEN,SA,1999,47.7,,11.8,53.1,36
Venezuela,VEN,SA,2000,,41.6,,,
Venezuela,VEN,SA,2001,47.2,31.1,10.3,51.2,35.3
Venezuela,VEN,SA,2002,48.9,41.1,16.4,60.7,36.2
Venezuela,VEN,SA,2003,47.9,54,19.7,67,35.1
Venezuela,VEN,SA,2004,47.3,53.1,16.6,61.5,34.6
Venezuela,VEN,SA,2005,49.3,42.4,14.4,51.2,36.4
Venezuela,VEN,SA,2006,44.7,33.1,7.1,38.8,33.2
Venezuela,VEN,SA,2007,,27.5,,,
Venezuela,VEN,SA,2008,,27.7,,,
Venezuela,VEN,SA,2009,,26.4,,,
Venezuela,VEN,SA,2010,,26.8,,,
Venezuela,VEN,SA,2011,,27.4,,,
Venezuela,VEN,SA,2012,,27.2,,,
Venezuela,VEN,SA,2013,,29.4,,,
Venezuela,VEN,SA,2014,,29.5,,,
Venezuela,VEN,SA,2015,,33.1,,,
Vietnam,VNM,AS,1992,35.7,,45.1,94.3,28.6
Vietnam,VNM,AS,1997,35.4,,24.4,89,29
Vietnam,VNM,AS,2002,37,,29.9,88.9,29.8
Vietnam,VNM,AS,2004,36.8,,20.1,84.2,28.7
Vietnam,VNM,AS,2006,35.8,,14.9,79.8,27.7
Vietnam,VNM,AS,2008,35.6,,11.1,77.7,28
Vietnam,VNM,AS,2010,39.3,,2.9,46.7,30.9
Vietnam,VNM,AS,2012,35.6,,1.7,40.7,27.7
Vietnam,VNM,AS,2014,34.8,,1.9,34.9,26.8
Vietnam,VNM,AS,2016,35.3,9.2,1.3,27.1,27.1
Vietnam,VNM,AS,2017,,7.9,,,
Vietnam,VNM,AS,2018,35.7,6.8,1.2,22.2,27.5
Vietnam,VNM,AS,2019,,5.7,,,
Vietnam,VNM,AS,2020,36.8,4.8,0.7,18.7,28.5
Vietnam,VNM,AS,2022,36.1,4.3,1,19.7,28.1
Yemen,YEM,AS,1998,35,,8.1,69.1,26.8
Yemen,YEM,AS,2005,34.7,34.8,10.5,81.7,28.6
Yemen,YEM,AS,2014,36.7,48.6,19.8,85.4,29.4
Zambia,ZMB,AF,1991,59.4,,57.4,88.6,42.6
Zambia,ZMB,AF,1993,52.6,,59.1,91.8,39.3
Zambia,ZMB,AF,1996,48.3,,46.8,88.8,37.3
Zambia,ZMB,AF,1998,49.1,,47.2,89.3,38.2
Zambia,ZMB,AF,2002,42.1,,56.4,95,33.7
Zambia,ZMB,AF,2004,54.3,,61.1,91.9,42.7
Zambia,ZMB,AF,2006,54.6,,64.7,92.6,43.1
Zambia,ZMB,AF,2010,52,57,64.4,92.5,41
Zambia,ZMB,AF,2015,55.8,54.4,60.8,91,43.4
Zambia,ZMB,AF,2022,51.5,60,64.3,93.2,39.1
Zimbabwe,ZWE,AF,2001,,32.2,,,
Zimbabwe,ZWE,AF,2011,43.2,22.5,21.6,77.9,33.8
Zimbabwe,ZWE,AF,2017,44.3,30.4,34.2,84.1,34.8
Zimbabwe,ZWE,AF,2019,50.3,38.3,39.8,85,
